segment_value,rows,mean_abs_prediction_difference,mean_pct_prediction_difference,mean_difference_in_implied_uplift,segment
102,6,0.3672478589759811,17.330556753545284,0.040809016141869714,product_id
104,18,0.3198683206782493,12.590892592194372,-0.0603928894948989,product_id
108,12,0.11910413975427998,27.730305621395285,0.024707270724374855,product_id
109,6,-0.009874736877299173,0.40130328156648787,-0.035517894698855745,product_id
11,30,0.2570853262335372,37.332559493636225,-0.003054405545491203,product_id
119,6,0.3090772245551689,12.984758577342033,-0.1000781583271549,product_id
127,12,0.009008700624540456,1.2498606061928745,0.002111991422426296,product_id
138,6,0.1675616677061447,41.84122158908034,-0.05431925508234565,product_id
145,6,0.17731184180425372,33.680621254149756,-0.03269693921806602,product_id
146,12,0.16995286918637156,36.49599724504221,-0.022291626877379494,product_id
18,6,0.07870019248846997,17.28057953791894,0.01705600211438855,product_id
19,12,-0.11102792517352654,-8.130552334850858,0.08070549039807974,product_id
190,6,0.003322272663356459,0.6982170045956101,-0.012455111624102214,product_id
212,6,0.022796830205604746,3.48760016436056,-0.025057895432291977,product_id
217,6,0.21045467342441757,50.350851503765234,0.021232493843866662,product_id
223,18,0.14199201330069974,22.753737380793776,0.00033765356918091175,product_id
240,6,-0.038094781613620864,-3.1092851731289914,-0.008050171158627014,product_id
250,6,-0.023449106008941113,-4.069668528356999,-0.0005070207343540375,product_id
253,6,0.00796898722207707,3.2253437303689734,-0.030036449664758814,product_id
259,12,0.17877221654398215,25.179661783239556,-0.002148436059593084,product_id
295,12,0.29482836985455524,29.28290505456009,-0.00628540241777729,product_id
296,6,0.3717016185596002,25.10633226968793,0.03885272579507585,product_id
300,6,0.5368565479652431,8.134210881701572,0.28694464297969696,product_id
316,6,0.32802711886324354,25.21043744481285,0.02354453994045813,product_id
320,6,0.1861067363977097,37.318088574518896,-0.038214675831326934,product_id
345,6,-0.033231251389012145,-4.335688996429306,0.00831534128146963,product_id
351,6,0.267402063157751,38.99431645711148,-0.010365009041964838,product_id
37,6,0.26758743723236417,14.417649750402882,-0.18681167197164164,product_id
381,6,0.12697717925533972,10.762999543331903,-0.01768316436276492,product_id
4,18,0.4655671476895012,33.59771458597378,-0.034183977708323016,product_id
41,12,0.300366949564853,21.80378463887436,-0.12835607778107205,product_id
411,6,-0.05674421343390024,-6.32207064662441,-0.06102738085772019,product_id
425,6,0.13473935270513057,31.021538389859643,-0.10331377717499816,product_id
426,6,0.25010580776714186,37.651616073684515,-0.06125288753562019,product_id
467,6,0.05568082090071661,2.0227238724785805,-0.25782413332625814,product_id
473,6,0.1424144694941705,30.5339306477391,0.013606278723896184,product_id
481,6,0.2587611051489736,23.690677282981184,-0.005350831118386227,product_id
489,12,0.19980156218827505,40.99162084129852,-0.024500953315102093,product_id
496,6,-0.026582286184080872,-3.631025457536753,-0.00824433973974259,product_id
500,12,0.24137915442910177,46.75162826889101,-0.013535738179066198,product_id
54,6,0.02817063490791365,6.332204844808966,0.01826102301770625,product_id
540,6,0.4600303622534992,5.800197097270185,-0.46539093083185595,product_id
547,6,0.22411039988759543,64.13956067804293,0.006734698754363194,product_id
548,12,0.2626106705154978,40.8639411739317,-0.0019421470681762105,product_id
569,12,0.2122057306411945,38.43588868453184,-0.03462181119075988,product_id
580,6,-0.4488616568593053,-16.932049472578008,-0.14353200965381877,product_id
591,6,0.19123915546510903,44.45851591148485,0.010987897206327396,product_id
596,12,-0.02912533861143607,-1.3446898961474198,-0.05653391759602422,product_id
6,12,0.47881314931593283,27.09618120493957,-0.19193858783132026,product_id
608,6,0.006602565336346372,1.369263480430771,0.005022394521300229,product_id
631,12,-0.04815104871728931,-6.214168786654418,-0.033092995960222915,product_id
634,6,0.2674055346390277,31.615984266347535,-0.027286730016413796,product_id
644,18,0.27100794053943944,33.83891007605383,-0.1390752959631293,product_id
666,6,0.15780067709783388,12.68195903538013,0.07680153382034331,product_id
677,6,-0.08962569689590853,-7.257385992447453,-0.09511303362740435,product_id
686,12,0.24611479971401753,34.95412177210928,-0.07579153164910274,product_id
691,6,0.08250650810278233,1.891933911779209,-0.01912477495985702,product_id
71,6,-0.08473927805232667,-19.792644415754307,-0.04140904036579374,product_id
715,12,0.25382201687386025,50.038416676109314,-0.020734936213713973,product_id
717,18,0.011487904162390601,3.0958260703003955,-0.032058782583926776,product_id
719,12,0.09602221133694672,21.847446796850733,0.003916410431871312,product_id
729,12,0.17119023246228257,23.181727510850305,0.009557069309076849,product_id
740,12,0.16142046847259325,17.927457877725786,-0.024836179729875382,product_id
749,6,-0.012602546503690268,-1.2604613412177872,0.02397526765348838,product_id
756,6,0.9231148917870825,12.115356198836983,0.20006311663725654,product_id
758,6,0.3897827717650157,37.28646096485481,-0.08270738484124791,product_id
76,6,0.3414045451938373,23.984049211351024,-0.1952252150746633,product_id
764,6,0.06329438302551207,10.839683796721305,0.008626469094685979,product_id
765,6,0.2028574724411671,51.2144729666358,-0.012757110354332782,product_id
768,12,0.10641126346160264,-2.2918342380240855,-0.04504186178371946,product_id
769,6,0.0003843349167046058,0.3481016097868735,-0.03567560075723223,product_id
772,6,0.2883985837778103,34.16335932827514,-0.013244229536908366,product_id
779,6,0.06910571540275902,15.998175955788085,0.029868908448610686,product_id
783,6,0.2848213682163599,20.99370122016385,-0.1987970150730544,product_id
793,24,0.31162601350615743,49.33437138970817,0.00045552543913119264,product_id
834,6,0.9521456012657579,36.04057668420197,-0.1335743963267352,product_id
843,6,0.2715417449111224,40.93928655046776,-0.02995658459918782,product_id
88,6,0.18806285653938346,35.30348965828319,-0.04700272678335297,product_id
90,6,0.5748996168402575,43.67500246213009,-0.2199438393236938,product_id
92,12,0.06621865873062142,40.9672727873652,0.036332224887287996,product_id
93,12,0.12227130989710033,25.07312924163804,-0.008482947965496443,product_id
112,6,0.2510053840910457,44.37457465803541,-0.04014744033219308,store_id
115,6,0.06910571540275902,15.998175955788085,0.029868908448610686,store_id
117,6,0.32802711886324354,25.21043744481285,0.02354453994045813,store_id
132,6,0.16192681549260213,18.779278209989297,0.012050870581604922,store_id
147,18,0.011487904162390601,3.0958260703003955,-0.032058782583926776,store_id
153,6,0.9521456012657579,36.04057668420197,-0.1335743963267352,store_id
155,6,0.5368565479652431,8.134210881701572,0.28694464297969696,store_id
160,6,-0.08962569689590853,-7.257385992447453,-0.09511303362740435,store_id
161,6,-0.031729446779251234,-4.967318716057695,-0.036799096984508194,store_id
17,6,0.12697717925533972,10.762999543331903,-0.01768316436276492,store_id
18,6,0.18806285653938346,35.30348965828319,-0.04700272678335297,store_id
188,18,0.07328093912908794,15.687257089571055,0.012696773178699102,store_id
20,12,0.23632759354619362,52.73336262015824,-0.007125828663453515,store_id
206,6,0.23413922125792488,8.43393777754687,-0.05864531098619293,store_id
212,6,0.006602565336346372,1.369263480430771,0.005022394521300229,store_id
213,6,0.00796898722207707,3.2253437303689734,-0.030036449664758814,store_id
229,6,-0.009874736877299173,0.40130328156648787,-0.035517894698855745,store_id
230,12,0.5867665976942685,34.80063425871449,-0.0387358212004291,store_id
231,12,0.013587913720611841,2.4259111743676036,-0.021942587357137708,store_id
233,12,0.300366949564853,21.80378463887436,-0.12835607778107205,store_id
237,6,-0.0651698083861691,-4.16743152296282,-0.09723327134675226,store_id
244,12,0.36273287038841145,14.66936999951812,-0.06126667874925188,store_id
254,6,0.0003843349167046058,0.3481016097868735,-0.03567560075723223,store_id
256,6,0.06176054763480732,16.034520480465513,0.05035949447269766,store_id
265,6,0.2587611051489736,23.690677282981184,-0.005350831118386227,store_id
268,6,0.0069191311632969725,1.4780517306679808,-0.015834563845296173,store_id
282,6,0.17644773187375265,39.42609076232505,-0.0009449530239479531,store_id
284,6,0.003322272663356459,0.6982170045956101,-0.012455111624102214,store_id
291,6,0.25010580776714186,37.651616073684515,-0.06125288753562019,store_id
3,6,0.267402063157751,38.99431645711148,-0.010365009041964838,store_id
314,6,0.08250650810278233,1.891933911779209,-0.01912477495985702,store_id
325,6,0.3897827717650157,37.28646096485481,-0.08270738484124791,store_id
34,6,-0.033231251389012145,-4.335688996429306,0.00831534128146963,store_id
358,12,0.013946285240814454,-16.7594966345936,0.01889648678829392,store_id
368,6,0.4600303622534992,5.800197097270185,-0.46539093083185595,store_id
370,24,0.07051665641464451,12.995413786194447,-0.0017034817573023987,store_id
378,6,0.07870019248846997,17.28057953791894,0.01705600211438855,store_id
386,6,0.3414045451938373,23.984049211351024,-0.1952252150746633,store_id
4,6,0.224569516873568,25.300431020251178,0.0052013156943109635,store_id
409,6,-0.012602546503690268,-1.2604613412177872,0.02397526765348838,store_id
417,6,0.9231148917870825,12.115356198836983,0.20006311663725654,store_id
418,6,0.2674055346390277,31.615984266347535,-0.027286730016413796,store_id
441,6,-0.4488616568593053,-16.932049472578008,-0.14353200965381877,store_id
452,6,-0.038094781613620864,-3.1092851731289914,-0.008050171158627014,store_id
469,6,0.329746038374594,46.99244589146741,-0.034554370791540855,store_id
481,6,0.3717016185596002,25.10633226968793,0.03885272579507585,store_id
483,6,-0.08473927805232667,-19.792644415754307,-0.04140904036579374,store_id
484,6,0.3090772245551689,12.984758577342033,-0.1000781583271549,store_id
485,6,0.14688930725915053,23.043184973704957,-0.06813964916932676,store_id
488,6,0.3184619397095676,34.490693571076925,-0.030845080177767326,store_id
49,12,0.3004907559703714,47.45173222945697,-0.016773695743469794,store_id
490,6,0.2715417449111224,40.93928655046776,-0.02995658459918782,store_id
493,6,0.26758743723236417,14.417649750402882,-0.18681167197164164,store_id
498,6,0.22411039988759543,64.13956067804293,0.006734698754363194,store_id
501,6,0.3587601349028917,26.158732837704633,-0.07356364722430753,store_id
507,12,0.25382201687386025,50.038416676109314,-0.020734936213713973,store_id
510,12,0.31437948949415534,49.18586885416817,-0.009263293798348199,store_id
513,6,0.05568082090071661,2.0227238724785805,-0.25782413332625814,store_id
530,12,0.08558352439503547,17.738196446390464,-0.050090197295664045,store_id
532,6,0.15780067709783388,12.68195903538013,0.07680153382034331,store_id
542,6,0.22519415937575224,41.26986757125898,-0.020652638140478213,store_id
554,6,0.2028574724411671,51.2144729666358,-0.012757110354332782,store_id
563,6,0.3650872228355424,33.265379088869004,-0.017772120529865543,store_id
565,6,0.2883985837778103,34.16335932827514,-0.013244229536908366,store_id
57,12,0.3237772047770508,44.02871150505516,-0.010335396058962887,store_id
586,6,0.1675616677061447,41.84122158908034,-0.05431925508234565,store_id
598,6,0.17731184180425372,33.680621254149756,-0.03269693921806602,store_id
60,6,0.1953008504964252,41.81258069179307,-0.031619994072842876,store_id
602,6,0.13473935270513057,31.021538389859643,-0.10331377717499816,store_id
613,6,0.22182066611441806,32.63723479229587,-0.08893054126661741,store_id
633,6,0.17440896500079786,40.71337411133806,-0.028349268489725975,store_id
658,18,-0.05760469368309254,-2.642475626072903,0.05868835964600316,store_id
666,12,0.17119023246228257,23.181727510850305,0.009557069309076849,store_id
668,6,-0.0645726506553274,-7.46101885725114,-0.02938689493593764,store_id
714,30,0.3555514502541847,40.471803400276514,-0.1155336048252505,store_id
72,12,0.16995286918637156,36.49599724504221,-0.022291626877379494,store_id
722,6,0.1424144694941705,30.5339306477391,0.013606278723896184,store_id
754,12,0.06621865873062142,40.9672727873652,0.036332224887287996,store_id
758,6,0.06329438302551207,10.839683796721305,0.008626469094685979,store_id
78,6,0.21045467342441757,50.350851503765234,0.021232493843866662,store_id
780,6,0.2848213682163599,20.99370122016385,-0.1987970150730544,store_id
802,6,0.19123915546510903,44.45851591148485,0.010987897206327396,store_id
843,12,0.4200451895329817,26.783649229178835,-0.2108745757021727,store_id
860,6,-0.023449106008941113,-4.069668528356999,-0.0005070207343540375,store_id
862,6,0.1861067363977097,37.318088574518896,-0.038214675831326934,store_id
865,6,0.22316824767996649,31.19187524049238,-0.02508029072411085,store_id
876,12,0.2626106705154978,40.8639411739317,-0.0019421470681762105,store_id
877,6,0.02817063490791365,6.332204844808966,0.01826102301770625,store_id
881,6,-0.026582286184080872,-3.631025457536753,-0.00824433973974259,store_id
96,6,0.28762527578905467,41.86512369282428,-0.013923792243418368,store_id
97,6,0.3672478589759811,17.330556753545284,0.040809016141869714,store_id
0,450,0.20024153225278005,22.810312025463023,-0.016772154161818004,activity_flag
1,270,0.1680507120871782,21.89477685970988,-0.05769139262933712,activity_flag
high,162,0.22994962705905655,28.79953720439775,-0.04388130553941007,stockout_risk_group
low,72,0.1432190945944785,19.839976775211156,-0.03282709432886095,stockout_risk_group
medium,486,0.18090281354510188,20.745322651548125,-0.028090170974643423,stockout_risk_group
0.0,120,0.22028684327781703,30.095758331128877,0.0,markdown_rate
0.05,120,0.18991019284242613,21.616882657796136,-0.03037665043539089,markdown_rate
0.1,120,0.16681741521483556,21.1735064257911,-0.05346942806298145,markdown_rate
0.2,120,0.20187666100928536,25.440350028782085,-0.01841018226853166,markdown_rate
0.3,120,0.18895895050617303,21.307493086828472,-0.03132789277164398,markdown_rate
0.4,120,0.16116978529353895,15.167927499506884,-0.05911705798427805,markdown_rate
high,276,0.28338916667411373,19.58373634883535,-0.06330328041402304,demand_volume_group
low,180,0.06369983294000124,16.23528132726781,0.002580780229963071,demand_volume_group
medium,264,0.17348864335618758,29.730182925732066,-0.023170380416144384,demand_volume_group
