policy_id,feature,markdown_correlation,mean_markdown_low_feature,mean_markdown_high_feature
always_0pct,fraction_expiring_today,0.0,0.0,0.0
always_0pct,fraction_expiring_within_two_days,0.0,0.0,0.0
always_0pct,inventory_coverage,0.0,0.0,0.0
always_0pct,predicted_demand,0.0,0.0,0.0
always_0pct,episode_day,0.0,0.0,0.0
always_10pct,fraction_expiring_today,0.0,0.09999999999999996,0.0
always_10pct,fraction_expiring_within_two_days,5.695961336316741e-17,0.1,0.10000000000000002
always_10pct,inventory_coverage,3.7664649915835523e-17,0.10000000000000002,0.10000000000000002
always_10pct,predicted_demand,-5.221650906575605e-16,0.10000000000000002,0.10000000000000002
always_10pct,episode_day,-1.8503717077085947e-17,0.1,0.10000000000000002
always_5pct,fraction_expiring_today,0.0,0.04999999999999998,0.0
always_5pct,fraction_expiring_within_two_days,2.1427621300878404e-17,0.05,0.05000000000000001
always_5pct,inventory_coverage,4.562941448867782e-17,0.05000000000000001,0.05000000000000001
always_5pct,predicted_demand,2.621934220836809e-17,0.05000000000000001,0.05000000000000001
always_5pct,episode_day,-3.051711199014825e-17,0.05,0.05000000000000001
expiry_threshold_rule,fraction_expiring_today,0.0,0.03773584905660377,0.0
expiry_threshold_rule,fraction_expiring_within_two_days,1.0,0.0,0.10000000000000002
expiry_threshold_rule,inventory_coverage,0.8252629270460092,0.0,0.07692307692307693
expiry_threshold_rule,predicted_demand,-0.8197072308480857,0.07407407407407407,0.0
expiry_threshold_rule,episode_day,-0.8685431488567663,0.05,0.0
inventory_coverage_rule,fraction_expiring_today,0.0,0.17450980392156865,0.0
inventory_coverage_rule,fraction_expiring_within_two_days,0.751755949156246,0.09354838709677421,0.29999999999999993
inventory_coverage_rule,inventory_coverage,0.9164001813298034,0.057692307692307696,0.296
inventory_coverage_rule,predicted_demand,-0.8881001130214826,0.2807692307692307,0.064
inventory_coverage_rule,episode_day,-0.8529692013851085,0.22249999999999998,0.0
observed_financial__best_model,fraction_expiring_today,0.0,0.0,0.0
observed_financial__best_model,fraction_expiring_within_two_days,0.0,0.0,0.0
observed_financial__best_model,inventory_coverage,0.0,0.0,0.0
observed_financial__best_model,predicted_demand,0.0,0.0,0.0
observed_financial__best_model,episode_day,0.0,0.0,0.0
observed_financial__checkpoint_17288,fraction_expiring_today,0.0,0.03365384615384616,0.0
observed_financial__checkpoint_17288,fraction_expiring_within_two_days,0.5519724544797966,0.020312500000000004,0.055000000000000014
observed_financial__checkpoint_17288,inventory_coverage,0.42020955772495966,0.02307692307692308,0.04423076923076925
observed_financial__checkpoint_17288,predicted_demand,-0.6339455739489527,0.051923076923076926,0.015384615384615385
observed_financial__checkpoint_17288,episode_day,-0.4748991251104415,0.0375,0.020833333333333332
observed_financial__checkpoint_22288,fraction_expiring_today,0.0,0.02884615384615385,0.0
observed_financial__checkpoint_22288,fraction_expiring_within_two_days,0.6292395476898791,0.015625,0.05000000000000001
observed_financial__checkpoint_22288,inventory_coverage,0.47735658198589254,0.01730769230769231,0.04038461538461539
observed_financial__checkpoint_22288,predicted_demand,-0.659668184806525,0.04615384615384616,0.01153846153846154
observed_financial__checkpoint_22288,episode_day,-0.48841285857238453,0.03125,0.020833333333333332
observed_financial__checkpoint_27288,fraction_expiring_today,0.0,0.005555555555555556,0.0
observed_financial__checkpoint_27288,fraction_expiring_within_two_days,-0.27116307227332015,0.008823529411764707,0.0
observed_financial__checkpoint_27288,inventory_coverage,-0.409146911610051,0.011111111111111113,0.0
observed_financial__checkpoint_27288,predicted_demand,0.21895505030891718,0.003703703703703704,0.007407407407407408
observed_financial__checkpoint_27288,episode_day,0.5000000000000003,0.0,0.02142857142857143
observed_financial__checkpoint_32288,fraction_expiring_today,0.0,0.001851851851851852,0.0
observed_financial__checkpoint_32288,fraction_expiring_within_two_days,-0.15041420939904668,0.0029411764705882353,0.0
observed_financial__checkpoint_32288,inventory_coverage,-0.2535299701930378,0.003703703703703704,0.0
observed_financial__checkpoint_32288,predicted_demand,0.09338269905708013,0.001851851851851852,0.001851851851851852
observed_financial__checkpoint_32288,episode_day,0.2773500981126144,0.0,0.0071428571428571435
observed_financial__final_model,fraction_expiring_today,0.0,0.0,0.0
observed_financial__final_model,fraction_expiring_within_two_days,0.0,0.0,0.0
observed_financial__final_model,inventory_coverage,0.0,0.0,0.0
observed_financial__final_model,predicted_demand,0.0,0.0,0.0
observed_financial__final_model,episode_day,0.0,0.0,0.0
random_policy,fraction_expiring_today,0.0,0.19166666666666668,0.0
random_policy,fraction_expiring_within_two_days,-0.08617127236430865,0.2017857142857143,0.17750000000000002
random_policy,inventory_coverage,0.04797781228898277,0.17708333333333334,0.20625000000000002
random_policy,predicted_demand,-0.05305943882703564,0.18958333333333335,0.19375
random_policy,episode_day,-1.4416454718844473e-18,0.19875,0.15625
recovered_financial__best_model,fraction_expiring_today,0.0,0.0,0.0
recovered_financial__best_model,fraction_expiring_within_two_days,0.0,0.0,0.0
recovered_financial__best_model,inventory_coverage,0.0,0.0,0.0
recovered_financial__best_model,predicted_demand,0.0,0.0,0.0
recovered_financial__best_model,episode_day,0.0,0.0,0.0
recovered_financial__checkpoint_17288,fraction_expiring_today,0.0,0.015094339622641513,0.0
recovered_financial__checkpoint_17288,fraction_expiring_within_two_days,0.6751179106527927,0.0030303030303030303,0.03500000000000001
recovered_financial__checkpoint_17288,inventory_coverage,0.5305510262685159,0.001851851851851852,0.02884615384615385
recovered_financial__checkpoint_17288,predicted_demand,-0.529251228232475,0.025925925925925932,0.0038461538461538464
recovered_financial__checkpoint_17288,episode_day,-0.5751624157153443,0.01875,0.0038461538461538464
recovered_financial__checkpoint_22288,fraction_expiring_today,0.0,0.010185185185185186,0.0
recovered_financial__checkpoint_22288,fraction_expiring_within_two_days,0.5642414041383458,0.0014705882352941176,0.025
recovered_financial__checkpoint_22288,inventory_coverage,0.48538095890661176,0.0,0.020370370370370372
recovered_financial__checkpoint_22288,predicted_demand,-0.475060596976959,0.018518518518518517,0.001851851851851852
recovered_financial__checkpoint_22288,episode_day,-0.5137023101222601,0.013750000000000002,0.0
recovered_financial__checkpoint_27288,fraction_expiring_today,0.0,0.0,0.0
recovered_financial__checkpoint_27288,fraction_expiring_within_two_days,0.0,0.0,0.0
recovered_financial__checkpoint_27288,inventory_coverage,0.0,0.0,0.0
recovered_financial__checkpoint_27288,predicted_demand,0.0,0.0,0.0
recovered_financial__checkpoint_27288,episode_day,0.0,0.0,0.0
recovered_financial__checkpoint_32288,fraction_expiring_today,0.0,0.0,0.0
recovered_financial__checkpoint_32288,fraction_expiring_within_two_days,0.0,0.0,0.0
recovered_financial__checkpoint_32288,inventory_coverage,0.0,0.0,0.0
recovered_financial__checkpoint_32288,predicted_demand,0.0,0.0,0.0
recovered_financial__checkpoint_32288,episode_day,0.0,0.0,0.0
recovered_financial__final_model,fraction_expiring_today,0.0,0.0,0.0
recovered_financial__final_model,fraction_expiring_within_two_days,0.0,0.0,0.0
recovered_financial__final_model,inventory_coverage,0.0,0.0,0.0
recovered_financial__final_model,predicted_demand,0.0,0.0,0.0
recovered_financial__final_model,episode_day,0.0,0.0,0.0
