left_policy,right_policy,metric,paired_mean_difference,paired_median_difference,standard_error,ci95_low,ci95_high,bootstrap_ci_low,bootstrap_ci_high,win_share,tie_share,loss_share,n_pairs
selected_observed_financial_ppo,always_0pct,normalized_accounting_profit,-0.03272770539197073,-0.028657485563978458,0.003303150046471476,-0.03920187948305482,-0.02625353130088664,-0.039538955954964206,-0.026408222312943947,0.05,0.0,0.95,20
selected_observed_financial_ppo,always_0pct,raw_accounting_profit,-0.2827261813828742,-0.18056272010604626,0.05069992727469189,-0.3820980388412703,-0.1833543239244781,-0.3829149249583002,-0.19455614169102797,0.0,0.0,1.0,20
selected_observed_financial_ppo,always_0pct,waste_rate,0.0,0.0,0.0,0.0,0.0,0.0,0.0,0.0,1.0,0.0,20
selected_observed_financial_ppo,always_0pct,sell_through_rate,3.3306690738754695e-17,0.0,2.801728929498125e-17,-2.1607196279408557e-17,8.822057775691795e-17,-2.2204460492503132e-17,8.326672684688674e-17,0.25,0.6,0.15,20
selected_observed_financial_ppo,always_0pct,average_markdown,0.0,0.0,0.0,0.0,0.0,0.0,0.0,0.0,1.0,0.0,20
selected_observed_financial_ppo,always_0pct,stockout_rate,0.0,0.0,0.0,0.0,0.0,0.0,0.0,0.0,1.0,0.0,20
selected_recovered_financial_ppo,always_0pct,normalized_accounting_profit,-0.013171216087553447,-0.008059911722747864,0.0033040345659134424,-0.019647123836743795,-0.006695308338363099,-0.019445499939689012,-0.006833545105676768,0.0,0.5,0.5,20
selected_recovered_financial_ppo,always_0pct,raw_accounting_profit,-0.0286409992233349,-0.014245852714060064,0.008801446509852002,-0.045891834382644825,-0.011390164064024978,-0.04655779795400673,-0.012576304064509155,0.0,0.5,0.5,20
selected_recovered_financial_ppo,always_0pct,waste_rate,0.0,0.0,0.0,0.0,0.0,0.0,0.0,0.0,1.0,0.0,20
selected_recovered_financial_ppo,always_0pct,sell_through_rate,1.1102230246251566e-17,0.0,1.1102230246251563e-17,-1.0658141036401497e-17,3.2862601528904626e-17,0.0,3.3306690738754695e-17,0.05,0.95,0.0,20
selected_recovered_financial_ppo,always_0pct,average_markdown,0.0,0.0,0.0,0.0,0.0,0.0,0.0,0.0,1.0,0.0,20
selected_recovered_financial_ppo,always_0pct,stockout_rate,0.0,0.0,0.0,0.0,0.0,0.0,0.0,0.0,1.0,0.0,20
selected_observed_financial_ppo,expiry_threshold_rule,normalized_accounting_profit,0.06744912185064361,0.06721016637156929,0.005162002597893141,0.05733159675877306,0.07756664694251417,0.057691973428682375,0.07720688637921282,1.0,0.0,0.0,20
selected_observed_financial_ppo,expiry_threshold_rule,raw_accounting_profit,0.00977450096706146,-0.02489416145653167,0.03078413399494249,-0.05056240166302582,0.07011140359714874,-0.04162492343177155,0.07223869262646804,0.35,0.0,0.65,20
selected_observed_financial_ppo,expiry_threshold_rule,waste_rate,0.0,0.0,0.0,0.0,0.0,0.0,0.0,0.0,1.0,0.0,20
selected_observed_financial_ppo,expiry_threshold_rule,sell_through_rate,2.2204460492503132e-17,0.0,2.7432312782298062e-17,-3.156287256080107e-17,7.597179354580733e-17,-3.3306690738754695e-17,6.661338147750939e-17,0.2,0.7,0.1,20
selected_observed_financial_ppo,expiry_threshold_rule,average_markdown,0.0,0.0,0.0,0.0,0.0,0.0,0.0,0.0,1.0,0.0,20
selected_observed_financial_ppo,expiry_threshold_rule,stockout_rate,0.0,0.0,0.0,0.0,0.0,0.0,0.0,0.0,1.0,0.0,20
selected_recovered_financial_ppo,expiry_threshold_rule,normalized_accounting_profit,0.0870056111550609,0.08630077064419478,0.004778167445085501,0.07764040296269333,0.09637081934742849,0.07757283245576435,0.0953579941131392,1.0,0.0,0.0,20
selected_recovered_financial_ppo,expiry_threshold_rule,raw_accounting_profit,0.2638596831266008,0.1461718034973412,0.06474241300775777,0.1369645536313956,0.390754812621806,0.16020880079929206,0.41678575879322605,1.0,0.0,0.0,20
selected_recovered_financial_ppo,expiry_threshold_rule,waste_rate,0.0,0.0,0.0,0.0,0.0,0.0,0.0,0.0,1.0,0.0,20
selected_recovered_financial_ppo,expiry_threshold_rule,sell_through_rate,0.0,0.0,1.8010195682678644e-17,-3.5299983538050145e-17,3.5299983538050145e-17,-3.3306690738754695e-17,3.3306690738754695e-17,0.1,0.8,0.1,20
selected_recovered_financial_ppo,expiry_threshold_rule,average_markdown,0.0,0.0,0.0,0.0,0.0,0.0,0.0,0.0,1.0,0.0,20
selected_recovered_financial_ppo,expiry_threshold_rule,stockout_rate,0.0,0.0,0.0,0.0,0.0,0.0,0.0,0.0,1.0,0.0,20
selected_observed_financial_ppo,inventory_coverage_rule,normalized_accounting_profit,0.19179042820737663,0.1963855974759256,0.00866520567216728,0.17480662508992875,0.2087742313248245,0.17566932471580143,0.20735950543361162,1.0,0.0,0.0,20
selected_observed_financial_ppo,inventory_coverage_rule,raw_accounting_profit,0.3368347791579106,0.21653893777082858,0.06574528391776278,0.20797402267909554,0.46569553563672567,0.2318452683074005,0.4634730916961557,1.0,0.0,0.0,20
selected_observed_financial_ppo,inventory_coverage_rule,waste_rate,0.0,0.0,0.0,0.0,0.0,0.0,0.0,0.0,1.0,0.0,20
selected_observed_financial_ppo,inventory_coverage_rule,sell_through_rate,1.1102230246251566e-17,0.0,3.311134189406876e-17,-5.3795999866123204e-17,7.600046035862633e-17,-4.9960036108132046e-17,7.216449660063518e-17,0.3,0.5,0.2,20
selected_observed_financial_ppo,inventory_coverage_rule,average_markdown,0.0,0.0,0.0,0.0,0.0,0.0,0.0,0.0,1.0,0.0,20
selected_observed_financial_ppo,inventory_coverage_rule,stockout_rate,0.0,0.0,0.0,0.0,0.0,0.0,0.0,0.0,1.0,0.0,20
selected_recovered_financial_ppo,inventory_coverage_rule,normalized_accounting_profit,0.2113469175117939,0.2072496646784461,0.006566051557796438,0.1984774564585129,0.22421637856507493,0.19946758564636907,0.22390789695712568,1.0,0.0,0.0,20
selected_recovered_financial_ppo,inventory_coverage_rule,raw_accounting_profit,0.5909199613174498,0.383459432686871,0.0984507481628559,0.39795649491825225,0.7838834277166474,0.4106611023846257,0.7977807058850872,1.0,0.0,0.0,20
selected_recovered_financial_ppo,inventory_coverage_rule,waste_rate,0.0,0.0,0.0,0.0,0.0,0.0,0.0,0.0,1.0,0.0,20
selected_recovered_financial_ppo,inventory_coverage_rule,sell_through_rate,-1.1102230246251566e-17,0.0,2.5342591700261942e-17,-6.077370997876497e-17,3.8569249486261845e-17,-6.120104423246176e-17,3.8857805861880476e-17,0.2,0.6,0.2,20
selected_recovered_financial_ppo,inventory_coverage_rule,average_markdown,0.0,0.0,0.0,0.0,0.0,0.0,0.0,0.0,1.0,0.0,20
selected_recovered_financial_ppo,inventory_coverage_rule,stockout_rate,0.0,0.0,0.0,0.0,0.0,0.0,0.0,0.0,1.0,0.0,20
selected_recovered_financial_ppo,selected_observed_financial_ppo,normalized_accounting_profit,0.019556489304417283,0.02144860482770622,0.004343503378009241,0.01104322268351917,0.028069755925315396,0.011413354567168011,0.028680484491916656,0.85,0.0,0.15,20
selected_recovered_financial_ppo,selected_observed_financial_ppo,raw_accounting_profit,0.25408518215953924,0.1572450006858871,0.05162497757251233,0.15290022611741505,0.3552701382016634,0.16747061619147227,0.35691671707510725,1.0,0.0,0.0,20
selected_recovered_financial_ppo,selected_observed_financial_ppo,waste_rate,0.0,0.0,0.0,0.0,0.0,0.0,0.0,0.0,1.0,0.0,20
selected_recovered_financial_ppo,selected_observed_financial_ppo,sell_through_rate,-2.2204460492503132e-17,0.0,3.0775835873341593e-17,-8.252509880425265e-17,3.8116177819246395e-17,-8.326672684688674e-17,3.3306690738754695e-17,0.2,0.55,0.25,20
selected_recovered_financial_ppo,selected_observed_financial_ppo,average_markdown,0.0,0.0,0.0,0.0,0.0,0.0,0.0,0.0,1.0,0.0,20
selected_recovered_financial_ppo,selected_observed_financial_ppo,stockout_rate,0.0,0.0,0.0,0.0,0.0,0.0,0.0,0.0,1.0,0.0,20
