"path","size_bytes","sha256","category"
".gitignore","1355","6c9edae2924a4c9739ca5d4a5a99c54fd13f7e8c72a63ed6f7344f4ace02c4e9","other"
"CITATION.cff","558","97e4b215cb485881b009b4d599cdd1b337735849f785eb2627b8f89b0aaa3b13","other"
"environment.yml","287","8b51ed948e43320afda5f156b898b88032f2a5d2a0d597277f6b514871390ed3","other"
"LICENSE","1187","c995ba10182cc3bf40274e7742b971418b96c0dccabd83a24abb35f4c00e30d0","other"
"pyproject.toml","327","79b46c05ac476d2a36afaa7a98b396d8b6d2f03e3918ebe95582d2092f807ec2","other"
"README.md","10493","95a7001c158dd6a54028fdf11126fb196c9b5bde6866937b8c0225d5a32e84af","other"
"requirements.txt","91","c01f6a6f81869d75bec642a963d302f9d9962750eebde30afb66e893a49db8e3","other"
"data\operational\processed\.gitkeep","5","f01a374e9c81e3db89b3a42940c4d6a5447684986a1296e42bf13f196eed6295","other"
"data\processed\.gitkeep","2","7eb70257593da06f682a3ddda54a9d260d4fc514f645237f5ca74b08f8da61a6","other"
"data\raw\.gitkeep","2","7eb70257593da06f682a3ddda54a9d260d4fc514f645237f5ca74b08f8da61a6","other"
"data\raw\README.md","884","64b7e01024ff7ba4175c2c4d6cffaed44c6641291e07e401c1f88a738e973fdf","other"
"docs\archive_integrity_check.md","1602","8d237c255821893e2c87ebb95661a5028e2e224de8cf536c4e9079c7d44b24b1","docs"
"docs\data_and_assumptions.md","700","0cb1a1786549b30b4655b12404ff1b17cbd802710f627a53f44a3015438023b5","docs"
"docs\dqn_final_statistical_decision.md","3001","b1ec380a12b2f48beb64e9eff35e90abb3a46fc2113e63737bac54dc6505e067","docs"
"docs\dqn_results.md","447","c7530d1cb115c28bb568a7daee30ad0208f173a159286f8281687738621c24fc","docs"
"docs\experiment_timeline.md","1128","6e6420cd3346f6dfd5877f0433809ab88d189f3fb8120000866c9118dbfa702f","docs"
"docs\final_candidate_model_selection.md","1217","4f628491a56ef0d47551ec950754e277371507902b631d521a9b8afbd73ba0da","docs"
"docs\final_dqn_ensemble_test_decision.md","2205","6a5c8f28a83b9b25b01782036103d1146e3f732c1b3f13f15dd63e8fa84df35a","docs"
"docs\final_figure_interpretation.md","4348","6061bfba84b04b84fb1a051069b9c8202dcdf343073c09d4790e5415b8cca7bf","docs"
"docs\final_model_decision_task_interpretation.md","2654","a42374c0423981fcb99e972abd7af497922568a901b4e02390c268679b495ad9","docs"
"docs\final_test_results.md","750","0578689c560f1bd9725a8cca251b03c74d379423ba63d7611a3e0f1fab13ada8","docs"
"docs\limitations.md","533","e2293acc2f1e120c03b3e20f770bc393efb5fb4529bd5fe5f138985a317d8828","docs"
"docs\limited_horizon_planning_decision.md","1841","f2823b15bdd559118e95664e48779547ce350ba2f45140ccd3af3504520b1780","docs"
"docs\planning_and_distillation_results.md","480","8db7e9c6bf1876db48006d2c5cbde0d745616bd4cf7b7688b01db05b96559dd1","docs"
"docs\planning_distillation_decision.md","1452","bb3bb058b2e9b59b3cd09bdb460b33ad529b9b91078fe0fd0b0fdf21c7b16430","docs"
"docs\ppo_redesign_reporting_corrections.md","3659","a01b80f46c2955ade2c68e4ecc36c77ba9f500fa73f439eee5014cd0e2d0d1aa","docs"
"docs\ppo_results.md","510","fcbc65a06abbbb72eae6812eca9f74bcd9376ea115193b061fabe8724c074901","docs"
"docs\project_progress_and_redesign.md","6751","d23471809b22dc6eb4e407b05efdc2b54f9f83262e362b252a8fb36c45fd0829","docs"
"docs\repository_archive_audit.md","5851","7942035033f49a88de3e325426ab4fe98e131e9532140a7fd4d1b52dfa40eb11","docs"
"docs\reproducibility.md","718","865e169b241cf9587ac409e7680a5d00847e5877d2f02143aa2fcd1cccfa5413","docs"
"docs\research_design.md","781","f01126623c448eb3ea0388e9b8896db05f0b722b5ee624111e49e4a240182cf8","docs"
"docs\security_and_file_size_audit.md","2346","7df2256b4e4543135bad0af817a69d968633619012ac02f1186fc1d00f28eb15","docs"
"notebooks\README.md","106","6fba9566f9144c842ca132a34e5661cfa551a39bb30638dc797f3bc5ce374f09","other"
"outputs\configs\artifact_manifest.csv","93313","7e40e0b61424bf1545e06973d37c52f0963172a25871c139e2a6e694ea1952d4","config"
"outputs\configs\checksum_manifest.sha256","81818","cc5aef5a94a14782a3c5e93c67edf19dfb1ee9af044c88514147847da14ab651","config"
"outputs\configs\dqn_equal_weight_ensemble_candidate.json","3056","770c203911cf84fabdd1ba333485201a65d324c0ef27451a41353a6b3f0216d0","config"
"outputs\configs\dqn_locked_candidate.json","3683","dbac94d26040bfaad160f354cf5a22be4dcdb99ab1b194b7c82a689607a0d48a","config"
"outputs\configs\dqn_locked_candidate_hashes.json","1265","05d38f7353c2e97a513c7d15954c24a3803b15365035f1b40f4f79732d50e3ae","config"
"outputs\configs\final_candidate_locked_model.json","523","2a8613a109aeba2b0008c72ea7b4d168b8f5c2776fb9a1f1b4a5dbd29b6ecbf8","config"
"outputs\configs\final_high_risk_b_candidate.json","269","cffb593dd873a33c67f07c47b9e6785b7972989a47b712f0cc7f9f68935b840b","config"
"outputs\configs\final_high_risk_b_candidate_hashes.json","776","732d7594b8d892d2d7476cd5b6737bee5a8de5a958f36e44c84e6586bec085aa","config"
"outputs\configs\final_locked_dqn_ensemble.json","4321","884c53fd49ace53324e209a1ff4af09f6e906cd0c4d92af9727356ceb7c6ca0e","config"
"outputs\configs\final_locked_dqn_ensemble_hashes.json","1882","17d2ec265772826749ae90dd2d17ed74428a22ea10663638849543b7cd99c95c","config"
"outputs\configs\final_test_evaluation_protocol.json","936","05f8ea7398f7903b5dc8619351fd489e30de6d0259a8fb5dffd90248c7dfeac0","config"
"outputs\configs\perishability_accounting_specification.json","752","e4d3536660781895cc3f61dbd3067e549bd9a71faaa78d6d6a0cdb73d8c99c57","config"
"outputs\configs\perishability_financial_reward_specification.json","408","44135ef28339ef9ae060f57a733eb923ed4974c2e9dfb57997a92afa45b95191","config"
"outputs\configs\perishability_master_config.json","2356","ffcf13b6fd0fbb22e82d30ab32be50c908c4e8f3fd8a60495d2652ab4773b2eb","config"
"outputs\configs\perishability_sustainability_reward_specification.json","515","9d2afdf87d4c677a92f8eca410e336e6381e8b35c8a4f928ca6bad90d456767e","config"
"outputs\configs\perishability_transition_specification.json","968","a7cee195d22972318fb5ab84ab06adbd5116f016b50ba7ac42bae35446ae6f4c","config"
"outputs\configs\ppo_input_artifact_hashes.json","1676","f6306559d5707c2d84fc3649451caf4171c0d2d0c339a31a3451f3af3ac85f6b","config"
"outputs\configs\ppo_operational_experiment_config.json","6114","285bf329553f7e25254fc6cf46f045775d4a177af6b565487e3a71e59b03e189","config"
"outputs\configs\ppo_redesign_selected_model.json","4251","005f7c52ed57bc3de5672531c1cbcb91ddc73b89f7d4a9a1591b040e5a8bd75e","config"
"outputs\configs\ppo_redesign_selected_model_hashes.json","2002","9b03537ec9a23ef36a985b158527b3ca57423a9b6f4727ba8bd879705bc7317c","config"
"outputs\configs\ppo_selected_financial_models.json","1628","70189ef32fb498a09529944b7b71193999ca5f03556f1a2dd7038836bb26c404","config"
"outputs\configs\ppo_selected_financial_model_hashes.json","2472","abf2109c79eb45f50a714e40140e66701f59f6f34a7298b670ac54237a3865a8","config"
"outputs\configs\ppo_validation_episode_manifest.csv","226","677306d58816705a85acdb38bf961f1f1ae9e08207d717023255df4b3ebc5b45","config"
"outputs\configs\pricing_env_operational_config.json","4165","7a05a111a299425edb5c7a41456a70a68c05c94b8a38d5182871fa014c60691e","config"
"outputs\configs\repository_file_inventory.csv","128200","2d63ec7671eb66f54f97e0834c2d4a284172b50eff030699d85447b2fa526038","config"
"outputs\configs\sustainability_audit_metadata.json","717","9dc393ef80d1954fac17e2a80cd9be1b29b267e47343f433d78fd37063a2b97c","config"
"outputs\configs\sustainability_extension_config.json","390","ba1f98ba675eda49527773622d483743d4bd27b33932933ec541a156872b751e","config"
"outputs\figures\.gitkeep","5","f01a374e9c81e3db89b3a42940c4d6a5447684986a1296e42bf13f196eed6295","figure"
"outputs\figures\discount_response\action_ranking_comparison.png","56171","a5ec6794bc5ebbb6a947aea57b9917f07af21c3d0427bb480d6de2685bdb3ed9","figure"
"outputs\figures\discount_response\demand_by_markdown_bin.png","100932","6b0a436effd8fb0f39cda41d31c0ee87000dd9159886b9ffc81050e78c6461d9","figure"
"outputs\figures\discount_response\implied_demand_uplift_by_markdown.png","75031","58ce42c9f397211c1d75f8b20ca129d8913aa2b137f21ec81a433441537e92c5","figure"
"outputs\figures\discount_response\markdown_distribution_support.png","39786","9f4b4a1bac8eff874e46c2abe0b56a932ed328b9381d2008907d49952a181a5e","figure"
"outputs\figures\discount_response\model_implied_markdown_response_curves.png","66267","3d4814813c277f96f5ddbfb3aea51f314d13d61bee445fcb918046cbb573288e","figure"
"outputs\figures\discount_response\model_performance_by_target.png","80122","0f47d83d9aa0eb7d944e0034d4e3b41650802aa124ebc57c552fbb031c357c58","figure"
"outputs\figures\discount_response\observed_vs_recovered_predicted_demand.png","79459","3954d950c09f7d83ed36d2ddcfc3531c1c4684bd1602c1b1762a30e257b53098","figure"
"outputs\figures\discount_response\response_difference_by_promotion_status.png","39608","d12d8a570e4440054b17bcb499b4b4a53cf7ff0818da428bc6d58062e9b4603f","figure"
"outputs\figures\discount_response\response_difference_by_stockout_risk_group.png","45346","77ec5683ee4a6923ac98019c60ad541349139fe3ae1aa5aa9e284f3ad1d62e5a","figure"
"outputs\figures\discount_response\robustness_comparison.png","124080","ee49bbb9a47162e59d521f6371b7371c82dde17fde39a2cf3cf216f6d0538d42","figure"
"outputs\figures\dqn_final_candidate\action_distribution.png","27793","f4965918016abbdc5bc43c61c6ff9646aa0e2f111c97799fcfa35e0c5be5b7cf","figure"
"outputs\figures\dqn_final_candidate\dqn_paired_gain_vs_baseline.png","74882","020d4e97761a18c8fa31514fc780d133cf05797726b1112e071a13eaaafc1b8a","figure"
"outputs\figures\dqn_final_candidate\dqn_seed_stability.png","40707","17c519b3aa1b94bd7781e875104ed53bafebe79665ae2651fa2f297e24939731","figure"
"outputs\figures\dqn_final_candidate\dqn_validation_profit_by_timestep.png","70943","68572ca35111c09c9426af5e10c3cf437d7c80077961dfe619970b331c085eaa","figure"
"outputs\figures\dqn_final_candidate\dqn_vs_ppo_vs_planning.png","74240","f29bf87a078cd2de53cfe1784f91b988e7bdc727bf4deb065efb5bd036354526","figure"
"outputs\figures\dqn_final_candidate\profit_waste_comparison.png","68564","4bc1a3b742bd080076a58484e79f3295bc1fb05e2e17e903dbf142705b165441","figure"
"outputs\figures\dqn_final_candidate\standard_dqn_action_distribution_by_seed.png","51673","085b3e785bfe689aa1ef33b982ec99b24f11e86e70f5eeda7d212f62fad66c49","figure"
"outputs\figures\dqn_final_candidate\standard_dqn_paired_gain_by_selected_seed.png","38311","82dab27660d4bb367a18ffe245d3ff9406c1bf9e88b31e0385feac17295f4bda","figure"
"outputs\figures\dqn_final_candidate\standard_dqn_pooled_confidence_interval.png","28735","01e16b85d60817193c902978f75e8425f2cce1bf6661cf121b41886e78d6e258","figure"
"outputs\figures\dqn_final_candidate\standard_dqn_profit_waste_comparison.png","58568","c59585ba19b7d06723cf581bf391f3f99b507cef39966060c728bc3ab92206c0","figure"
"outputs\figures\dqn_final_candidate\standard_dqn_seed_stability.png","25405","a583b9c012c164a1e2714f6f55cdc13c4f49ce7118d31f1a93f99328c3ec5748","figure"
"outputs\figures\dqn_final_candidate\standard_dqn_validation_profit_by_timestep_all_seeds.png","95640","f52dfad75f08e4e0a361262594f37fbec2181f3f11421b67120a72129e42b21a","figure"
"outputs\figures\dqn_final_candidate\standard_dqn_vs_planning_baseline.png","74380","945563f3218b46024eddac5d39fe12e164e575237fd7f867abab2c23eac9f4b1","figure"
"outputs\figures\dqn_final_candidate\standard_dqn_worst_episode_loss_decomposition.png","52365","fe27331b1b22eb9fd59d7737225b774b431df626c182e4d7cfffbcccf16309b9","figure"
"outputs\figures\dqn_final_candidate\worst_case_episode_differences.png","43520","026d4a77e360066a67251d8ee35d5b3799a6fd1c6d4f90e88eb9795343c93974","figure"
"outputs\figures\dqn_final_statistical_audit\corrected_clustered_confidence_interval.png","31021","e509c468b2d7557265d766ce26dd20b5e5c1c7f07010542135bd84fa8f104c2e","figure"
"outputs\figures\dqn_final_statistical_audit\ensemble_paired_episode_differences.png","34427","1d77ff12563d808be6ef0be207c32cb4e686cf4300cfa11638dbd6bdf2645946","figure"
"outputs\figures\dqn_final_statistical_audit\episode_mean_gain_across_seeds.png","53927","4102aa5667f92fdfdfcdbe1c7c563a56ba87025152ccb114f620a856fb2d6962","figure"
"outputs\figures\dqn_final_statistical_audit\individual_seeds_vs_equal_weight_ensemble.png","53403","fe73868803b2f36479618db0bc25cea6830a5ef0ec53d01c0a3441fc4e68140a","figure"
"outputs\figures\dqn_final_statistical_audit\profit_waste_comparison.png","45286","02118e9023a8379690111aab6f144cd297cd6b96ebbfcffbdff7c8ba52ec83da","figure"
"outputs\figures\dqn_final_statistical_audit\tail_loss_comparison.png","31214","d4d3b931791645cdd5c8416e1633ca83acd48810442fb7dbd10ec0099ae2a209","figure"
"outputs\figures\final_candidate_selection\action_distribution_by_risk_level.png","25762","8dcb6e8333886e0bd3374a80950ad5f74514afef62ef834691e7f917b55969bb","figure"
"outputs\figures\final_candidate_selection\candidate_confidence_intervals.png","31026","3ee115fb7f4c415adf49c93d44f45d7bf7fe79067dd80881c88641c974f253d0","figure"
"outputs\figures\final_candidate_selection\candidate_profit_gain_versus_baseline.png","37919","da792e761028103042ea24ad7bd83fdcc8fd6ec1caf5836bffb1b447ea2c7d14","figure"
"outputs\figures\final_candidate_selection\planning_gain_captured.png","40621","c94f2d29fc4e4c37a8ca86ebae7f1e394b26deb27fdcc1c0245b3486f6248be6","figure"
"outputs\figures\final_candidate_selection\profit_waste_comparison.png","40859","417230dad4863b5cad0958ba59e3da301c17e2701e701a0a46e36326e7012bba","figure"
"outputs\figures\final_candidate_selection\seed_stability.png","34426","26d83109169b1c4da2a5226258478e63d49562ed724a2ad9f775812f8538f463","figure"
"outputs\figures\final_candidate_selection\win_tie_loss_shares.png","23586","bdbf2e530d89928c28d27f27f5fa96e653cd8b849b49f1d78483e82abb3594e6","figure"
"outputs\figures\final_candidate_selection\worst_case_episode_losses.png","41751","78a74cc1b4341d8eeec5447925421cfb1b10685bfddfeaa9222351bfef21686d","figure"
"outputs\figures\final_dqn_ensemble_test\final_test_ensemble_vs_baseline_profit.png","22527","0772eaaf16d8e1780e8997c9509ae010e5a6c12363161557e174418bba6343bb","figure"
"outputs\figures\final_dqn_ensemble_test\paired_test_episode_profit_differences.png","34317","c857afefe22bbb6a974a6c1060544191656f7a9801adcbf301854eefb22d400a","figure"
"outputs\figures\final_dqn_ensemble_test\test_action_distribution_by_risk_level.png","24791","d7b3427072d19509ebc6ff323a87729058f49a5ca1418153ce3d1affb8e27ecb","figure"
"outputs\figures\final_dqn_ensemble_test\test_bootstrap_confidence_interval.png","24034","46eca9d13a0b2df1673fb47fcabf876208690161d1d1aa2b1ee4dc7173776fc8","figure"
"outputs\figures\final_dqn_ensemble_test\test_profit_waste_comparison.png","42665","03b734d8c9dfe66323f219e8b649f104e3924f1a87f9ade376f84cc52b3de7e9","figure"
"outputs\figures\final_dqn_ensemble_test\test_win_tie_loss_shares.png","20944","680ac7cac71c5b9ba2eaae3ee330e63b9897ef89709d173dcb82e4c2be093db1","figure"
"outputs\figures\final_dqn_ensemble_test\validation_vs_test_comparison.png","32667","7e64224e99939e2ac7a3acbf88284aa9af79d949887a23052ac5f6e3b583c081","figure"
"outputs\figures\final_dqn_ensemble_test\worst_test_episode_diagnostics.png","28720","61dd34f0a6cfe836235b3c6ba50627bf96723ef02d809e19fc16b3a92f7c6577","figure"
"outputs\figures\final_model_decision_task\candidate_population_state_counts.png","36461","58eaff29c350d5b70b17c6d4dc596ddc35c4065ef8832843ff069db5e36e73de","figure"
"outputs\figures\final_model_decision_task\dynamic_vs_locked_baseline_validation.png","83379","041a30904489541f4724d170e7af8ad2b5877dc8b86ec65d19dcdbf81170838e","figure"
"outputs\figures\final_model_decision_task\locked_baseline_selection.png","54852","a8e8f634f9fd9a94dae590f8b5528a2120ee385b07e9091ab768eaa49ce42270","figure"
"outputs\figures\final_report\figure_empirical_profit_waste_tradeoff.png","105036","311ce2c01abbdc82bcbfed1f7c285d361dea08741cc54594647c1584a65df4ec","figure"
"outputs\figures\final_report\figure_financial_markdown_opportunity_map.png","90079","98ef6abe50be62c906aea700ba6e2e6eea223c3a99973f89a9ef459374e52bd3","figure"
"outputs\figures\final_report\figure_observed_action_distribution_over_training.png","68403","ad087969a770a2ecb780b5e94420e017254527dbb723f254bdcf7db58e5a7340","figure"
"outputs\figures\final_report\figure_observed_vs_recovered_selected_policy.png","71465","edcb15f573bd2eaf21b3307bc9252737a6fef292d0577877aab8d2409d9c62ba","figure"
"outputs\figures\final_report\figure_oracle_action_values_by_state.png","53252","9a1e84aa7bf7ce346a07c152ae69f74649fcf5c4f4fcc587f6b0c3fb157e9259","figure"
"outputs\figures\final_report\figure_policy_entropy_and_collapse.png","102866","25425124aea5f90752e92ea1134f9d0f6a7d1041462f60f2a730ad590b6b89dc","figure"
"outputs\figures\final_report\figure_ppo_validation_return_over_training.png","107969","e7d073c0426d7e17124a57914b7da66978e29551a20629ff5b1fc9a237720672","figure"
"outputs\figures\final_report\figure_ppo_vs_baselines_normalized_profit.png","133552","6dd65adfce10ec2ec4b5948fc3229b9f181d6079a4c2ce8dd1b66725d7dfde99","figure"
"outputs\figures\final_report\figure_ppo_vs_oracle_error_decomposition.png","115187","7e55f71b268a81fc3910f5deefc5fa4e90f9d35d35b2066398b8161a4ad3b4c6","figure"
"outputs\figures\final_report\figure_recovered_action_distribution_over_training.png","69784","c9d1e0352641ed2407a56e58fa40f20c7b6593722ccec47386ecec5bb3c4814b","figure"
"outputs\figures\final_report\figure_waste_reduction_efficiency.png","97619","f01cc5e97ed6f53cbbbceaac3dde5498fbfcee56a904d2400f85cca89924c19d","figure"
"outputs\figures\final_report\appendix_training_diagnostics\appendix_approx_kl.png","71843","bdb42d0125f13cf1f849bdebe30219b30ccb98e54b50e340f817fd9702ff96a1","figure"
"outputs\figures\final_report\appendix_training_diagnostics\appendix_clip_fraction.png","69770","663b1cd6f998dee027774090970782b67f8376ff5817e2fdec6c2ae80e385b1c","figure"
"outputs\figures\final_report\appendix_training_diagnostics\appendix_entropy_loss.png","51104","f96f1520219ee5ca7889bb7f69f905daf24ed962ab8bcad8247e34f6fe3f7296","figure"
"outputs\figures\final_report\appendix_training_diagnostics\appendix_explained_variance.png","64583","9ecb9355fbeeff44570ac68581cfa8d70e1a68de1e04b7ca78b422ad2c97e063","figure"
"outputs\figures\final_report\appendix_training_diagnostics\appendix_policy_gradient_loss.png","62531","3e93016367b43ca5f0a980f0b65fdab9871ec190e382ceaf2f1cbb9de9ddf8fe","figure"
"outputs\figures\final_report\appendix_training_diagnostics\appendix_value_loss.png","62561","e9b61306d9a15f4f3f18a0b9dc69f1c46c9bdcdb6f39ab5245094ffb92d2612d","figure"
"outputs\figures\financial_markdown_opportunity_audit\multistep_action_value_vs_markdown.png","55357","aed8b4e75b148a025c356dfc63399377c8ffc4d8f3a9e631b7a6224d5714347e","figure"
"outputs\figures\financial_markdown_opportunity_audit\optimal_action_by_inventory_and_expiry.png","53202","533ed664339d79a3d79d2cf78e6b45b91b7daeca5a64cbca66a2cca822c990d0","figure"
"outputs\figures\financial_markdown_opportunity_audit\positive_markdown_gain_over_zero.png","35450","01d9c7e2b19fe68716ed9e93c02046113ac7882a4c644ab8794a3cedfe044738","figure"
"outputs\figures\financial_markdown_opportunity_audit\ppo_vs_oracle_action_comparison.png","44952","fcc0485ce2f0eb06181eae8bf804183002eb831f4f7159422040e20b9cd82a1c","figure"
"outputs\figures\financial_markdown_opportunity_audit\share_states_preferring_each_action.png","32468","bbcc0d3b3c2b89c7444b3d17ce694b54718c780803cb80ec301afb02aecba1a7","figure"
"outputs\figures\financial_markdown_opportunity_audit\state_map_financially_justified_markdown.png","48389","96b3a0cb6255999a5cef8ba2fa91a73b17558aeb3abffba9e9f3f9cc3e36db51","figure"
"outputs\figures\freshretail_modeling_subset\example_complete_97_day_series.png","200088","285b94948370efe1485568ad4f9407b258f444fac302a2fe7b390ec119889f0c","figure"
"outputs\figures\freshretail_modeling_subset\markdown_distribution_comparison.png","41925","054d07b5cc0139e8a92e3b693fa0f0f231d622030335567b4d45b559dfa18685","figure"
"outputs\figures\freshretail_modeling_subset\promotion_rate_comparison.png","33175","4e65fb40c75b71e25980c6a84d2cbef682d29b38ae618413df16db040a1af0ed","figure"
"outputs\figures\freshretail_modeling_subset\sales_distribution_comparison.png","38184","8fecf05c5c2dced7d72d89ef50ec849d5c565ef84089cff5d3eac94779539602","figure"
"outputs\figures\freshretail_modeling_subset\selected_series_stockout_vs_promotion.png","194942","5bea63f4cda0987ea15455bd56c2381dbce87d884457a0619ac308e0ebb9823e","figure"
"outputs\figures\freshretail_modeling_subset\stockout_rate_comparison.png","32178","af0baa64542dd859097f6d535553cb622f78af06d15a79c8b898ec4f1d4940c3","figure"
"outputs\figures\freshretail_modeling_subset\train_validation_test_date_split.png","37262","f69ab90b54d82283e4fe8a722f79a883a8ad2c1f09ff58ab513647873ffc652a","figure"
"outputs\figures\freshretail_processing\discount_distribution.png","28063","05ee51e8cc3b4b3e8dfde82165fb57db86f14ec04a82e6e17da164945e8f1120","figure"
"outputs\figures\freshretail_processing\example_promotion_stockout_timeseries.png","208786","b19e5384cfed35d67dc601f0d7f033e97a3af68863efdb5d8d91532788c82d5a","figure"
"outputs\figures\freshretail_processing\example_sales_inventory_timeseries.png","208786","b19e5384cfed35d67dc601f0d7f033e97a3af68863efdb5d8d91532788c82d5a","figure"
"outputs\figures\freshretail_processing\promotion_rate_by_category.png","38894","2d5dbc96fd07b1d0f85febe05c48b9654f2cfdc2d5a2cce444dbf29f61ff2217","figure"
"outputs\figures\freshretail_processing\sequence_length_distribution.png","36707","282b56084862da0d836e8f50343493a88fef47ede84f019d42dc16192a5180ca","figure"
"outputs\figures\freshretail_processing\stockout_rate_distribution_by_series.png","32025","42ca5895e03d34fc2d71508061d55b748c2a9bc2b433d5c40e2894af7bd4ccfa","figure"
"outputs\figures\freshretail_processing\subset_category_composition.png","38747","037581343aca83954f0f2a8862be5d33a90b9642c991544cc706b24ab8da07f3","figure"
"outputs\figures\latent_demand_recovery\aggregate_observed_vs_recovered_over_time.png","177081","c626fabfb1be750e1854ab5effb7f426721dbe9719f4e60ac6f0c146b426958c","figure"
"outputs\figures\latent_demand_recovery\artificial_censoring_predicted_vs_true.png","81153","70ad212cae53bc97772fc039b15c0ca303cf2671aa71ec4bf54d306a405d393f","figure"
"outputs\figures\latent_demand_recovery\example_store_product_recovered_series.png","181813","a32663c1136445bc441492135360ba99d5b0ef2d8b0cd182f0fff72a933e81a7","figure"
"outputs\figures\latent_demand_recovery\model_performance_by_censoring_severity.png","101550","e0238778987049b94a2bb01076928116a926caa57c15abc231eb4d5569fa796e","figure"
"outputs\figures\latent_demand_recovery\observed_vs_recovered_distribution.png","37032","d79bc6784666c547b20b40fb195fc0790f6923dbe73665f4c311c15295c81dd7","figure"
"outputs\figures\latent_demand_recovery\recovery_amount_by_promotion_status.png","30048","fac4e1f386c51e4a41763d09c84dbf11b29f828461b48df3c121de00a2ddc7cc","figure"
"outputs\figures\latent_demand_recovery\recovery_amount_by_stockout_status.png","31632","33d9718b6d24f58992592d453e934b4ce5d6d9decda7ccd80f5bc92417b3e1fc","figure"
"outputs\figures\latent_demand_recovery\recovery_error_by_model.png","59439","74f649f1d63b98e788e6986c2b1a30540473ce6289e069e4a79b638f6cee1f8d","figure"
"outputs\figures\latent_demand_recovery\recovery_ratio_distribution.png","39742","e4f4f53b518d4c19ef44f1a698f288960ea32bf6ffe757c66e1ed2d757a2173c","figure"
"outputs\figures\limited_horizon_planning\episode_level_paired_profit_differences.png","41391","9f4f6227addbc99baf38e1bb5f3746c2d736c50bb1168b3525a84939053f4805","figure"
"outputs\figures\limited_horizon_planning\planning_action_distribution_by_risk_level.png","31480","e0cce9771a1a7879191c78fce8fb8d51e292b6d1f21fb59c3a343d8c00d12aa2","figure"
"outputs\figures\limited_horizon_planning\planning_ppo_baseline_comparison.png","40862","cc8e3fb236c1d0cdf0e214845cc966fb2c0bdf3f88e2247a9360cdf6687401b4","figure"
"outputs\figures\limited_horizon_planning\planning_vs_baseline_by_scenario.png","35708","c49a03b4173c8f3a7f4ec1572fc5f325131fbcdb3915b20c21a5f319818a3192","figure"
"outputs\figures\limited_horizon_planning\planning_vs_locked_baseline_paired_profit.png","56097","1b1ae79392e12e7b4caace7cb7f084b4a357b66d561106ad8397322bdc76c0f7","figure"
"outputs\figures\limited_horizon_planning\profit_gain_confidence_interval.png","26434","f05503378c6a4fe3ecd2fae22771e58c480d2c3e767fa016aaa0c19a006bcfef","figure"
"outputs\figures\limited_horizon_planning\waste_and_profit_comparison.png","41220","201628089fc4e94645f271c797f1092efe87ba5722d3a31d5e11aada7dbd5178","figure"
"outputs\figures\perishability_scenarios\accounting_identity_validation_summary.png","72312","ff7167e6ab329fd1cf0eb302eb2280452316ff6329642e778f1d9f04902f9be5","figure"
"outputs\figures\perishability_scenarios\economic_scenario_comparison.png","73357","17dfbd9a020cd6b39a355a179fe32f947d6249bd8eaf7801b48e1adc1f6e5a7a","figure"
"outputs\figures\perishability_scenarios\fixed_policy_profit_comparison.png","58709","701cdf1f9ed0f5ad0aa482a9dd47fead0c9ffe89c91c54340a6d3b8c490073f6","figure"
"outputs\figures\perishability_scenarios\fixed_policy_waste_comparison.png","66187","7d15bed2a6666de82d2ca4da538007e3eb135a5c2133592f6a207e0e262fac2c","figure"
"outputs\figures\perishability_scenarios\inventory_age_profile_examples.png","83197","ee7e19a64ac63496f617aa1cff12be6596d970478f702f71fe6719973e717f39","figure"
"outputs\figures\perishability_scenarios\observed_vs_recovered_scenario_comparison.png","114680","a87dabdaba63dcf22e11c9b7e34caa24a3aa0077f1522faf7c7e8b1d6edf498d","figure"
"outputs\figures\perishability_scenarios\profit_versus_waste_scatter.png","76305","abe83b628c644e1f2cf3587b441141200091384148cba3a14ca83a12ad94f73e","figure"
"outputs\figures\perishability_scenarios\sensitivity_by_inventory_coverage.png","54094","1a8b5fb88a53c2386b45c3ba8dde2b79b374cafa7217ec673fcab77409506dbd","figure"
"outputs\figures\perishability_scenarios\sensitivity_by_shelf_life.png","47700","169878dfc606e5c95cb98928bf843b078f1a3e088de692b4d20bf18bce62cc22","figure"
"outputs\figures\perishability_scenarios\shelf_life_scenario_overview.png","58774","c906e21ff4a71a1b7332d7c609fb8967ec2277f1824531e2b1191200d63591ee","figure"
"outputs\figures\planning_distillation\action_distribution_by_risk_state.png","29490","5692a5902d9c74d53f5b3a45afdd3780e531dd48856dd6f6d562e29c47b7db10","figure"
"outputs\figures\planning_distillation\distilled_candidates_vs_baseline_profit.png","47785","02fcea3baff2013242a1bf6d2fb889c0ba061339ae8eff8b946484a45786cada","figure"
"outputs\figures\planning_distillation\paired_episode_profit_differences_limited_horizon_planning_policy.png","36829","9a4a127144906c43247af378e7dba70c4112933bdd746b7a42272f978f23efc7","figure"
"outputs\figures\planning_distillation\paired_episode_profit_differences_planning_distilled_policy.png","36901","8a00282c2b707c862bef10657df0a4122a672932888fc2ca2bff6a325a4d6dd5","figure"
"outputs\figures\planning_distillation\planning_gain_captured.png","32239","7c2fbc35f94122b7995494a1c563df546964f6cd0e4b06cefa6696df65127d8b","figure"
"outputs\figures\planning_distillation\planning_vs_learned_confusion_matrix.png","29210","6e67a47378804b77cb125d7531e230bed339c9566dc92895265ef90d3ea8c8a3","figure"
"outputs\figures\planning_distillation\profit_waste_comparison.png","42776","80f68302a61bcaffeef080b7f4c3a4569656c02cd4a1c2682021a8106651b417","figure"
"outputs\figures\planning_distillation\win_tie_loss_shares.png","44616","7b6cb0985bc43f162338e589e23241955cfe46921ebbfc32c7a158b32951db4a","figure"
"outputs\figures\planning_distillation\worst_case_episode_comparison.png","40176","be440df617abed2f9afc6b806a452f80828965415e47b236735c3e81c2d351e2","figure"
"outputs\figures\ppo_checkpoint_validation\accounting_profit_by_checkpoint.png","146994","17e722bf9fb9343962e46a4088f95d2373f78481280c76f181e84b58f164ddf7","figure"
"outputs\figures\ppo_checkpoint_validation\action_distribution_by_checkpoint.png","151921","2836d503b6287318dfd972ef029149b463f5e56f7672d96c4463fe5c91c47017","figure"
"outputs\figures\ppo_checkpoint_validation\action_entropy_over_training.png","142815","852706472330eb111c43a7a53e147464b1613e085db0f2d1d0d7ed9630ebbe8b","figure"
"outputs\figures\ppo_checkpoint_validation\observed_vs_recovered_checkpoint_comparison.png","48617","15f9655b616eaf71ba698e284edf3a7fabd5d5650e2d5259b46b24060e181d36","figure"
"outputs\figures\ppo_checkpoint_validation\paired_profit_difference_vs_always_zero.png","136753","54b4f3a75fb74bc85e440d24e26d83d2cd03e921e2c5568b5583c9d240a7d00f","figure"
"outputs\figures\ppo_checkpoint_validation\state_dependent_markdown_behavior.png","65924","92d312c2c87f5581e1ed38377d900a58127a8f97b9766e10a1fedb7655bb9f0f","figure"
"outputs\figures\ppo_checkpoint_validation\validation_performance_by_checkpoint.png","141812","e19f52d8157589c903689ee7a34ab0f42739460fad2674aad3923271f8b12163","figure"
"outputs\figures\ppo_checkpoint_validation\waste_rate_by_checkpoint.png","143675","550f2acbe66a27e03ce0420901ce1ca7cc02b823c0c2fc073db5bf02def1a17e","figure"
"outputs\figures\ppo_financial_paired_validation\calibration_transmission_summary.png","19867","a2dfc89c69c9d17dbda579b3396080fe81ca77b0bedc385e25ed743adc2226ab","figure"
"outputs\figures\ppo_financial_paired_validation\initial_inventory_comparability.png","19377","d1cfb4e860182188196ae277c91af27c5601ebd89e0db3e1b8cae024030317c4","figure"
"outputs\figures\ppo_financial_paired_validation\markdown_by_fraction_expiring_soon.png","50665","7622140450d601efd3df3e10924179b0a00e58a5911fd7ccf19bc9facc91e5b2","figure"
"outputs\figures\ppo_financial_paired_validation\normalized_accounting_profit_by_policy.png","91412","2049a59f048e20ee525b8b2b252e810f8facf2fc50495cf5b66341906b95854d","figure"
"outputs\figures\ppo_financial_paired_validation\observed_vs_recovered_action_distribution.png","42360","77a6e4d9b2542fd39305ff3942963053873acc3584574e059fcf49f54685c27a","figure"
"outputs\figures\ppo_financial_paired_validation\paired_profit_difference_confidence_intervals.png","65848","faa8a5bc54e32bcca6babbe4227aa2ce0927c841c8d1c5df8adc8010f2627000","figure"
"outputs\figures\ppo_financial_paired_validation\policy_win_tie_loss_comparison.png","125712","d64cbb439cd67883d5f7efa10094a7c4afa5ee872ed14cd40d84fd1aa667b6dd","figure"
"outputs\figures\ppo_financial_paired_validation\profit_versus_waste_scatter.png","41989","aa8cab15c45003f891f83e6a3677d13f9c76d6318e6079780e3ca1ca12542471","figure"
"outputs\figures\ppo_financial_paired_validation\sell_through_rate_by_policy.png","88907","904f12a7d26653590e0a7bb9167e30af3613ed7094d98e3e8127093569a9c617","figure"
"outputs\figures\ppo_financial_paired_validation\waste_rate_by_policy.png","89346","0286320ff713ad69f5f799fc2140a71e74ee4f3e52530e2d837b93dc24d40d24","figure"
"outputs\figures\ppo_training_redesign\action_entropy_by_timestep.png","58648","271bd7b5858fabf84c302cb36d387c28cfdd1ce84af4ca0643f07d0201c8ae5b","figure"
"outputs\figures\ppo_training_redesign\diagnostic_oracle_value_gap_by_timestep.png","69816","1acbb0b9407e4f5763e49c73dc8d38ac51c15ff27aa7a8cccdd7b31f5c0ba44b","figure"
"outputs\figures\ppo_training_redesign\high_risk_state_action_behavior.png","64516","7fc452c8ea2a34060eb9d17009fbfa2b349df4c0576d803f6b9110a98c2c4dcb","figure"
"outputs\figures\ppo_training_redesign\multimetric_checkpoint_selection_summary.png","54756","7573fe9880f4b61a8947a22dde1e4788039b3f3620c488cf10058dd5859f6577","figure"
"outputs\figures\ppo_training_redesign\oracle_regret_by_timestep.png","69816","1acbb0b9407e4f5763e49c73dc8d38ac51c15ff27aa7a8cccdd7b31f5c0ba44b","figure"
"outputs\figures\ppo_training_redesign\original_vs_redesigned_error_decomposition.png","57769","4e600ff4d9a11ba539e7db566fda6bc6a8d2cd8fb3daaa7d068d284904225a17","figure"
"outputs\figures\ppo_training_redesign\ppo_vs_always_zero_paired_profit.png","65475","93f0ae99e1a9bc9b919ec171947a82e7316b265d2e5b39fd57907373b58ed513","figure"
"outputs\figures\ppo_training_redesign\selected_action_distributions.png","52623","3abc0d00cc88f4adcc9f06cf488484ac0e288ece95fb121cdda25c996fc72679","figure"
"outputs\figures\ppo_training_redesign\selected_model_comparison_after_audit.png","75305","42027e069c0b1dcb39e19d13c85f64ab1e8adef9cbe52069e4b396509aa8c060","figure"
"outputs\figures\ppo_training_redesign\unnecessary_markdown_by_timestep.png","62445","3bd8a458242f8fdc6f6c0968a7af0496c42cd809b950b67a1e5cb4d00daac9ef","figure"
"outputs\figures\ppo_training_redesign\validation_profit_by_timestep.png","66345","faafecded669fa02493742b655715af1805514fa62626dc81ea574cb9864eaf4","figure"
"outputs\figures\ppo_training_redesign\zero_action_share_by_timestep.png","56235","6762716c32360b359be41418e1457b59de22ef91d29a438755488db82a630b36","figure"
"outputs\figures\pricing_env_validation\action_effect_curves.png","52934","19b39cec9ecbe3778d18c67f197359b2c725c521ea92b63d6a500fd878fba5aa","figure"
"outputs\figures\pricing_env_validation\conservation_error_summary.png","23525","56fcc882a3e02b052b6f73f73f7926b4e8d494fb7b67aeca6379a3fc208e3347","figure"
"outputs\figures\pricing_env_validation\inventory_sales_waste_trajectory.png","143014","c91c2991bc097e1f126e5d37a1a1b551a0005451b057a8aa3b998bbff9db730d","figure"
"outputs\figures\pricing_env_validation\observed_vs_recovered_calibration_comparison.png","51361","7f550c482f964ccf7529d4a18effc4c88da75825b2f483a0cfd6cc515366c3d7","figure"
"outputs\figures\pricing_env_validation\preferred_action_by_fraction_expiring_soon.png","41467","0db79f48dee2be665d31de34c9a339244bf9f4c51125958401890016c7617d6b","figure"
"outputs\figures\pricing_env_validation\preferred_action_distribution.png","69859","40aa96e6f4ff2bfa0720474e741502e13b90965fa16dddcce7423ab70d995554","figure"
"outputs\figures\pricing_env_validation\profit_comparison_by_fixed_policy.png","64300","67106508437b3806cc8a0c8601b538af83c12ed13a01731914b8944400c5ea95","figure"
"outputs\figures\pricing_env_validation\profit_versus_waste_scatter.png","30974","5cd746fd1f0ad1c3f49f39fc5345570cfe28c4e85ffb168fe3c15ba669473014","figure"
"outputs\figures\pricing_env_validation\remaining_life_bucket_trajectory.png","22256","d7524fa385a313465ce70b6e9ec9862c2fb0d4449a42859f792844d9b3b57739","figure"
"outputs\figures\pricing_env_validation\reward_component_distributions.png","23785","e884444271eff5f4a8d973000fdf1ea92facaa8c7353b71ca20e8def1cb1300f","figure"
"outputs\figures\pricing_env_validation\scenario_sensitivity_matrix.png","24220","3ebaf1ef4f7c5e397e9a77e67648bd100f8d399cb2e42ed1025f086e874871b2","figure"
"outputs\figures\pricing_env_validation\waste_comparison_by_fixed_policy.png","62816","50e256f33c809f2f342c92db761d348323ce1aa9a0e32931eacce70c273c385f","figure"
"outputs\figures\sustainability_opportunity_audit\fixed_policy_ranking_by_lambda.png","32311","f907aad78f6c73f6f0694bb2871b43cbc54ba6d9ead16b4ecc7cdabd184376ba","figure"
"outputs\figures\sustainability_opportunity_audit\normalized_profit_by_scenario_and_policy.png","68112","dcf14b513977f8ec0faa7ec371661928cac653ef0593b1507b9a0d7dbd9fe5bf","figure"
"outputs\figures\sustainability_opportunity_audit\profit_versus_waste_scatter_candidate_scenarios.png","33011","0c36c8a3bb8079106652eaf5241f05ce0b0e7269f3f70d97b7ea5bca29caa645","figure"
"outputs\figures\sustainability_opportunity_audit\reward_component_magnitude_by_lambda.png","48991","736a08653ab5135058e15856e8378b81ebfe103cc8281f04aa42a34ef0b922ef","figure"
"outputs\figures\sustainability_opportunity_audit\selected_sustainability_scenario_overview.png","33388","59433d6bbd9986f9194e6a0fecadb7e1303854a158e78d4c79b011f6a658740b","figure"
"outputs\figures\sustainability_opportunity_audit\waste_rate_by_scenario_and_policy.png","72311","bfafb6a9ccc5b65e85771b19b895fec6f21c7f5c378bf9174ec67356fa8e7fb1","figure"
"outputs\figures\sustainability_opportunity_audit\waste_reduction_versus_profit_sacrifice.png","33277","1ec2618c08536f60013f4becda56825f894ed3e3a55b5a679d31a1e7974d0173","figure"
"outputs\figures\sustainability_tradeoff_analysis\empirical_nondominated_policy_set.png","32992","ca57f2f2a3b7910c9b3069840e0ad6c6a9b9768ad23ced6754dc860e5fe6577b","figure"
"outputs\figures\sustainability_tradeoff_analysis\managerial_decision_map.png","43915","0c5364c7e4fc87e9dd16279ab1cf9f6c252967250c58cf6b5dbd23adc8623340","figure"
"outputs\figures\sustainability_tradeoff_analysis\observed_vs_recovered_calibration_tradeoff.png","31643","9407fc8111238abde7363cd07179b47018405a2ae06bb6ec6098f5021a4b411c","figure"
"outputs\figures\sustainability_tradeoff_analysis\policy_normalized_profit_by_scenario.png","49216","ad2389cf6f5b13c872d34584268482bde999a60474929dc2ac35b9515383d6ab","figure"
"outputs\figures\sustainability_tradeoff_analysis\policy_waste_rate_by_scenario.png","54113","04c03074e5778e5b34ffd2f3d6d38f9f5a6a5c6733be8c9733c44c9678fb9b4a","figure"
"outputs\figures\sustainability_tradeoff_analysis\profit_vs_waste_scatter_by_scenario.png","43139","681850f73e4ff9a9809b730ce0e2a85426e571a821d3e7412c8424bba32b5445","figure"
"outputs\figures\sustainability_tradeoff_analysis\scenario_tradeoff_classification.png","49529","a1f0bba6c90f0f7c2121d1fe3470f683e1b918c3fb386b7a4cc74451069497b1","figure"
"outputs\figures\sustainability_tradeoff_analysis\waste_constrained_policy_recommendations.png","59714","29fb9d760b9877516bc76168188bfc8ef46f3a23988a279c4d03bc3149ad892c","figure"
"outputs\figures\sustainability_tradeoff_analysis\waste_reduction_efficiency.png","33245","d86ccb876261c300c5a2033cabce4dfc438b93f51309ede2fef7362d0a9effee","figure"
"outputs\figures\sustainability_tradeoff_analysis\waste_reduction_vs_profit_sacrifice.png","33131","41a872fd742cdc31f79c7ea97c2a19a8b0ae3ed2398e595071873505f967ba73","figure"
"outputs\manifests\high_risk_b_expanded_validation_manifest.csv","2445","bd6aa08efcfbc21a2e1e2f541197b4d2ce9d11343823dc848883bb5d5afd317b","manifest"
"outputs\manifests\high_risk_b_final_test_manifest.csv","7876","674d4d2044c20494bc362d1f0fb4df80a94ab6595443cdcadf8c1d6aa4426d6e","manifest"
"outputs\manifests\high_risk_b_final_test_manifest.partial.csv","7876","674d4d2044c20494bc362d1f0fb4df80a94ab6595443cdcadf8c1d6aa4426d6e","manifest"
"outputs\models\.gitkeep","5","f01a374e9c81e3db89b3a42940c4d6a5447684986a1296e42bf13f196eed6295","other"
"outputs\models\discount_response_config.json","3322","6db90cbf3f355b18d622049f57d07eedfc089a318971e208cb41c6896acb3042","other"
"outputs\models\MODEL_ARTIFACTS.md","1253","c61d652d1bcf51536dbbdc28fdd1b43a1972e7c697417d934f97861db3ca2ce4","other"
"outputs\models\dqn_high_risk_b\STABLE_DQN\seed_42\run_state.json","960","885692b48d9b4e99811fc38af63439c9fe2aea92ab0d577c5da6ae7317117f10","other"
"outputs\models\dqn_high_risk_b\STABLE_DQN\seed_42\training_config.json","935","13f88ecaa0883676a2ca13743182f7c4f5a013449515959b93f6c0b668f36feb","other"
"outputs\models\dqn_high_risk_b\STABLE_DQN\seed_42\monitor\monitor_42.csv.monitor.csv","31715","32f36b8e97a76b2bbcb62ba6af3fe0b088ee30da4d80a2e42b00ff413e75dce9","other"
"outputs\models\dqn_high_risk_b\STANDARD_DQN\seed_123\run_state.json","948","0ae98c756823367c715d65b4314ab675b40b8fb55dac9e1c35ec528e0a894a39","other"
"outputs\models\dqn_high_risk_b\STANDARD_DQN\seed_123\training_config.json","923","3f0b97142e15f7d8a35da2d7d803f6618d0ec501083c59693dd03e7cf27a4a76","other"
"outputs\models\dqn_high_risk_b\STANDARD_DQN\seed_123\monitor\monitor_123.csv.monitor.csv","58","05d263fade4b2df3736899439ef7cee08837f9587dfd49cc268c3da0788764b1","other"
"outputs\models\dqn_high_risk_b\STANDARD_DQN\seed_42\run_state.json","949","ff41c722ecd5b77380cfe4b761609ffa114a7626fc6fdd2f5cd199cb30ffbab1","other"
"outputs\models\dqn_high_risk_b\STANDARD_DQN\seed_42\training_config.json","924","0a673e930c0ff85ba67245cfcbe575714951703198b1dd6af26e6fa8cd22a1ae","other"
"outputs\models\dqn_high_risk_b\STANDARD_DQN\seed_42\monitor\monitor_42.csv.monitor.csv","57","7de3c309bb7aa21e4f4fe0761c4e5eefc353d8e535ddfedd2f05386b40f7169e","other"
"outputs\models\dqn_high_risk_b\STANDARD_DQN\seed_456\run_state.json","948","edf87ed521488a811694b96d3580c7bc2b3c9dd7172a18efaf33fee4adfb8eaa","other"
"outputs\models\dqn_high_risk_b\STANDARD_DQN\seed_456\training_config.json","923","efe9c733de31b6a87e7f70e0df5481b804fed5b2f35641c6d4ef54ea580a6d1c","other"
"outputs\models\dqn_high_risk_b\STANDARD_DQN\seed_456\monitor\monitor_456.csv.monitor.csv","57","1df4710605586ad50913265dc6ac699a6e5647b10a1671d2e7c17133b340c221","other"
"outputs\models\ppo_operational\observed_financial\seed_42\learning_curve.csv","1271","9690e12df76c18d3b8b8ae6dc8771000e5a3d8d1a00d3066a6e6e5a00930f37c","other"
"outputs\models\ppo_operational\observed_financial\seed_42\run_state.json","719","5ec9876374d20d160451149c2e7efab57a972a3eccd1a7fdc847a9713d291291","other"
"outputs\models\ppo_operational\observed_financial\seed_42\training_config.json","1018","a39373004206010f2d92b5d90822400abbb24969879bfc890ffe1b60b5d66089","other"
"outputs\models\ppo_operational\observed_financial\seed_42\training_summary.json","1726","34dccd5429f418ea8b920d2deaa3f862e719ddb3a74047e926ef87d140da3a24","other"
"outputs\models\ppo_operational\observed_financial\seed_42\monitor\monitor_1051.csv.monitor.csv","43256","9dbd3d231a402802f09d8e7b94175d32722b31e7c6259031fd58674526d67508","other"
"outputs\models\ppo_operational\observed_financial\seed_42\monitor\monitor_2060.csv.monitor.csv","43282","7b4d04d21bdae87aa47f5fe4fff6084dc91a121296e25903d1175ee7d5941125","other"
"outputs\models\ppo_operational\observed_financial\seed_42\monitor\monitor_3069.csv.monitor.csv","43032","6aebdce75f4f904a2f8472358af50b6c5443394decf563f96610710251d72643","other"
"outputs\models\ppo_operational\observed_financial\seed_42\monitor\monitor_42.csv.monitor.csv","43764","bcf0a908be51e898862800f98c4a12e1c5e4d315263753f974620fd8611b1d1e","other"
"outputs\models\ppo_operational\recovered_financial\seed_42\learning_curve.csv","1274","dbd6f597bd53f76ae19c3ba25edc6f59249d7dbda85478e828cb132ab945af55","other"
"outputs\models\ppo_operational\recovered_financial\seed_42\run_state.json","718","b9aeb84c15f09f6f9247206ed823ef963d04504ff20141b58eca569ad38a9242","other"
"outputs\models\ppo_operational\recovered_financial\seed_42\training_config.json","1021","02dfd238002fd86a4d65f7beb109bb1c67cccf5661780628b241b27b8f5f8e96","other"
"outputs\models\ppo_operational\recovered_financial\seed_42\training_summary.json","1730","eee4307752cbd4ce2d6b133416844e76b7d1720117867d0a39d9f310a454ca48","other"
"outputs\models\ppo_operational\recovered_financial\seed_42\monitor\monitor_1051.csv.monitor.csv","43397","76a8f2bc05535c52f7c8102d4d334d3fdf3af00a8ca718df6022b47da916ffee","other"
"outputs\models\ppo_operational\recovered_financial\seed_42\monitor\monitor_2060.csv.monitor.csv","43544","9463b41613e9fcd022a974ef9edcf8b506dd4fa6ca5d60136f1bb002aed94ff9","other"
"outputs\models\ppo_operational\recovered_financial\seed_42\monitor\monitor_3069.csv.monitor.csv","43044","0a2897dfe0913181c107e8fe44236d53ee234ef9c4bc11c6ae37990af2ba5e00","other"
"outputs\models\ppo_operational\recovered_financial\seed_42\monitor\monitor_42.csv.monitor.csv","43488","2fe5a7d1021046e968f4a4407b1f1e507a26ccafec028ceffcf2069e5da6dbf0","other"
"outputs\models\ppo_operational\recovered_financial_metrics\seed_77\learning_curve.csv","311","b62027bd8d04e1d4ebdcce04b720007436e3fb24d9fca70b70debf6eb574d7b9","other"
"outputs\models\ppo_operational\recovered_financial_metrics\seed_77\run_state.json","708","e6d44de82b5595c73537cad16050402c87df352e6c6e4b4575e4f25f42a3750c","other"
"outputs\models\ppo_operational\recovered_financial_metrics\seed_77\training_config.json","935","a285dfb9ecf2bc340e6f275e4bfdea7d67640dd3ee1ce527b959e3c54eb18ca6","other"
"outputs\models\ppo_operational\recovered_financial_metrics\seed_77\training_summary.json","1703","34e372569d0df1b8b7375166e7ef44a5505402450cb6ccdc244c909273009cbc","other"
"outputs\models\ppo_operational\recovered_financial_metrics\seed_77\monitor\monitor_77.csv.monitor.csv","138","d647739ef34921e7ba34f6cc39ed3a6fa9c22a8195e7efc42b7902eaf6b85092","other"
"outputs\models\ppo_operational\recovered_financial_pytest\seed_2026\learning_curve.csv","315","fa0a3b5476024f46b5f01e6f69df466885c3acbcc064a297b886318566915295","other"
"outputs\models\ppo_operational\recovered_financial_pytest\seed_2026\run_state.json","712","c92c61f7a57dc6014a641b5d5e70df68235598a25de36ce99149b207fd3a2142","other"
"outputs\models\ppo_operational\recovered_financial_pytest\seed_2026\training_config.json","936","de682fc6530bb605094b3ef15ae567df9f5ce6b4c35d33129a84aa65e7db0cd9","other"
"outputs\models\ppo_operational\recovered_financial_pytest\seed_2026\training_summary.json","1710","39952ca63103087ee1ecc4ecd124fe9f33b71e5639d5e83727169fad37ec322d","other"
"outputs\models\ppo_operational\recovered_financial_pytest\seed_2026\monitor\monitor_2026.csv.monitor.csv","121","5fd95d3600b9e63d34c60f0ac478bafd645b708fb0a8203fef257bfc031e03a9","other"
"outputs\models\ppo_operational\recovered_financial_repro\seed_42\learning_curve.csv","303","7d571e97748742cede5544b115bf33d41db2429cd85b4db1a2e7f3418a7fe024","other"
"outputs\models\ppo_operational\recovered_financial_repro\seed_42\run_state.json","700","4810143ca24e19b30df2b044a07146f5d7b8f8dc11572c103f36adcb318e2a9a","other"
"outputs\models\ppo_operational\recovered_financial_repro\seed_42\training_config.json","933","23aebe06757d57f9dca44a46a857940b636051958d41e043f91de76b7cadec8e","other"
"outputs\models\ppo_operational\recovered_financial_repro\seed_42\training_summary.json","1692","5149fe2e2648904206062f274c1b6f04f4d53d5999b59afaf25895a7c99dc487","other"
"outputs\models\ppo_operational\recovered_financial_repro\seed_42\monitor\monitor_42.csv.monitor.csv","119","2e2f15e329be85c54baa9df604223b9ce3e63bd14f4b6537a327e13a74511300","other"
"outputs\models\ppo_operational\_pytest_monitor\monitor_1051.csv.monitor.csv","58","1d889c3c9a09c8d54ec94be29755c49b3157dd762df257a933b8310e8a080172","other"
"outputs\models\ppo_operational\_pytest_monitor\monitor_42.csv.monitor.csv","58","eef003636fedcc047aad07b841820b047edcf10e940feac5a72fa59cd0b36fbb","other"
"outputs\models\ppo_training_redesign\balanced\seed_123\run_state.json","126","87d3c78140290a55cc94213cc417d0259baf1a0fc0b258b402af6ef68e83c54c","other"
"outputs\models\ppo_training_redesign\balanced\seed_123\training_metadata.json","522","d5486c9b7015cda6c5b71d2a64368864c64a6547813d1d236f8aca30363964b2","other"
"outputs\models\ppo_training_redesign\balanced\seed_123\monitor\monitor_1132.csv.monitor.csv","37219","6402409318ba15e1c4fad5bce4027d025c5829fdf01897e578fb6dc5470f6cec","other"
"outputs\models\ppo_training_redesign\balanced\seed_123\monitor\monitor_123.csv.monitor.csv","37752","424b9f9e8e38d5884f8553e9af0bc39578f7e1772659391d8c676077e4bc792d","other"
"outputs\models\ppo_training_redesign\balanced\seed_123\monitor\monitor_2141.csv.monitor.csv","37928","40c73e97eecf811c693a00cb3029a0423dd5bd63e33ca817dde2f5670f160e30","other"
"outputs\models\ppo_training_redesign\balanced\seed_123\monitor\monitor_3150.csv.monitor.csv","37683","f5ce698e9557ed0576985665e2af7b3864590f05098487beda496f4d35425660","other"
"outputs\models\ppo_training_redesign\balanced_stable\seed_123\run_state.json","126","2026bd70898e3696adcb53071d34911125f9520753c8b78070297ae95b582ced","other"
"outputs\models\ppo_training_redesign\balanced_stable\seed_123\training_metadata.json","529","58ffb23d9297886307c288243af8246d995e8c70bfa0a1d012adf0d297725699","other"
"outputs\models\ppo_training_redesign\balanced_stable\seed_123\monitor\monitor_1132.csv.monitor.csv","37629","5f70028341b50c72f6b6dfd14fd4c32587f6b78ca77bc8fc86ed303a2faabed6","other"
"outputs\models\ppo_training_redesign\balanced_stable\seed_123\monitor\monitor_123.csv.monitor.csv","37960","ba8d8c43f0dcd00f457b6028ec6df0a3380880fa2b2e477934f1c1300bf6cc7d","other"
"outputs\models\ppo_training_redesign\balanced_stable\seed_123\monitor\monitor_2141.csv.monitor.csv","38237","509878f73c04b8bfb51fc57ccc329336d4049f625181c1a80cbd53508fa72729","other"
"outputs\models\ppo_training_redesign\balanced_stable\seed_123\monitor\monitor_3150.csv.monitor.csv","38139","3c78cfdf3466912b05586d7a4042f7dbf412e1ce419acd41d4b2b6205c246848","other"
"outputs\tables\.gitkeep","5","f01a374e9c81e3db89b3a42940c4d6a5447684986a1296e42bf13f196eed6295","table"
"outputs\tables\discount_response_action_ranking.csv","7808","ada2e9a2d92bf9a2b2ee8832f5134c086c9b509dafd7820008eb6b01f9eefd0a","table"
"outputs\tables\discount_response_bias_transmission_summary.csv","661","7e0a2a5e91c09ad902fe84d9ef9fb27cca361accc72237dc97a08e81b04750bf","table"
"outputs\tables\discount_response_by_product.csv","23575","a94c0152b47aa9da79f919e5e4492ece3b59af8903684ec81494743fe7932127","table"
"outputs\tables\discount_response_by_store.csv","29866","39a89d1106d61369b07a12d72d7cd49eee1761f369fb83e921dc915ff95f5989","table"
"outputs\tables\discount_response_comparison_by_segment.csv","14494","cec34073fb6f1844a2a1da2d32d70e8879b9e986dd8aa7ad6db00b0ab6cb0828","table"
"outputs\tables\discount_response_confounding_audit.csv","1229","40a7c9da177f6de9982d31beba2248b42e110612b0a2d52d095c599b480987aa","table"
"outputs\tables\discount_response_correlations.csv","865","f8fd3387aa85316dbb3c094ce748a84fe022fa9ee0df8f31311d16bc9c4dfdd8","table"
"outputs\tables\discount_response_curves.csv","181795","5db5dfd3147a729c2d3e2ec5357555f56546d985ac6fbe97e812745c9775cd9b","table"
"outputs\tables\discount_response_descriptive_summary.csv","1151","ba2235ac0ae4591fc80863132f8251708357d61828af8df2896897c658666c1f","table"
"outputs\tables\discount_response_implied_sensitivity.csv","17859","e79a3b30f54adc5a1e9d6189ad3b43ac2fbc7cf79a0ec82b767d326f2405e41d","table"
"outputs\tables\discount_response_markdown_support.csv","2824","3e753b4320ff4f8c8133ee02fcb78ed60fb1dab141034456680eeb530a67494e","table"
"outputs\tables\discount_response_model_metrics.csv","1349","67d1e0593cfec0004857711c1568a5052364aa87617010d0ec4795941ae0cf6d","table"
"outputs\tables\discount_response_robustness.csv","1158","adba26dfd35b5e10ab55018a1937003443142e0e2bbebef27ad25f4660b2c6df","table"
"outputs\tables\discount_response_segment_metrics.csv","19276","d311d780c5f0f32dbc741ffc5cf8e458f1983fe4d3bed3322617942f226b4c90","table"
"outputs\tables\discount_response_support_audit.csv","243","34dbe31a8133dd0234c39fbf71b30326ed4cd7af02cfb19ee03484afa37b0f00","table"
"outputs\tables\discount_response_target_comparison.csv","146044","9c3c865d3f75dfb65154e3eaaa583949e7d6c473dd9701a541254ecbc61d2b76","table"
"outputs\tables\dqn_canonical_candidate_selection.csv","1472","c73cd236d314143f828e410303a603c0b4b18a6ac4ef54ced253bf5fee80e0a5","table"
"outputs\tables\dqn_checkpoint_evaluation_all_seeds.csv","13790","3bd7be96ef270fee34906e0b16b17c9119d3b7bc0ac6346de9871d32aa89046c","table"
"outputs\tables\dqn_checkpoint_state_actions.csv","157645","ca9b37ce7f7a8dbd70af5f265f5616e3285bf1309a3bdc9db3b99edf38f28a92","table"
"outputs\tables\dqn_checkpoint_validation_episode_results.csv","148079","a8075a281beae0a93062a7637f2c810150149174169a94ce47b26da87f88eb0d","table"
"outputs\tables\dqn_checkpoint_validation_summary.csv","11644","0c953c761d80ac40368d35843f847d6829dc4e5d34201e665c90dc8187ae3a5a","table"
"outputs\tables\dqn_clustered_validation_inference.csv","623","c26331c00719af6c11c2d7dd18e9d5c55cb582cd352c24cb0838266e1d6fe7be","table"
"outputs\tables\dqn_environment_compatibility_audit.csv","999","e886eb55a471c0bc84fe6a8544ef87bfbe75a372aa0e333a6029f4c23df3d331","table"
"outputs\tables\dqn_episode_mean_gain_across_seeds.csv","2185","a249f91ba25fa31f27848189dbb4d0e7f91294ed2326954570250c827b1e05fe","table"
"outputs\tables\dqn_equal_weight_ensemble_state_actions.csv","13152","fd51f94e1a95108cc96180438b03ffea5f7b3d9e4e4313d72c5760458cda5799","table"
"outputs\tables\dqn_equal_weight_ensemble_validation.csv","1132","1d6c527b22512b6120b18e9d4e3a796f86261eb76a89c2871ef45d94568f7c7d","table"
"outputs\tables\dqn_final_candidate_comparison.csv","3982","b47e8113416909ae073a2d6421d62df2fdc64543aa353a65b51793db7b865f18","table"
"outputs\tables\dqn_pooled_inference_audit.csv","775","ad0d45d0bf6dd5eca5da49a916f1577324abe43ec520977026f2ac267300d4f4","table"
"outputs\tables\dqn_pooled_validation_results.csv","576","830d4e2ed107f16f854dfc1e6c3a66592413141e38bec6d9c225b217d5935d45","table"
"outputs\tables\dqn_seed_by_episode_profit_differences.csv","19515","9cc291aecd9ef25090699f13832268ecc1d425201973630797ff7ee2d77acf46","table"
"outputs\tables\dqn_seed_stability.csv","1259","1b1d4614627bdd155fcd87e401362642f266ac2316cf688309d0512eb8b50f18","table"
"outputs\tables\dqn_training_population_audit.csv","809","222521bfa8ad5b9ce46bf1171933d41d8e9c6a3bacbe4102c3cb4e1c90926241","table"
"outputs\tables\dqn_worst_episode_diagnostics.csv","1891","7a7a4f4a9ac6cf860b147245dcfb76e66ddbad54fc9c9d90581b038657fcb58b","table"
"outputs\tables\final_candidate_model_comparison.csv","451","467ef2fea05c3db118ba20770b11a12cad96e90057858b22bbdfd7e1c47a9b61","table"
"outputs\tables\final_candidate_paired_episode_results.csv","2","7eb70257593da06f682a3ddda54a9d260d4fc514f645237f5ca74b08f8da61a6","table"
"outputs\tables\final_candidate_seed_stability.csv","451","467ef2fea05c3db118ba20770b11a12cad96e90057858b22bbdfd7e1c47a9b61","table"
"outputs\tables\final_dqn_ensemble_test_episode_results.csv","24909","e490bf1b1559a83b627b9f4276632cab75533fe8016d2f3638d5c8214adea568","table"
"outputs\tables\final_dqn_ensemble_test_pairing_audit.csv","4673","05f5e60c1ce89e406b7d37d0a0f83217e9dc728bd1df537bed704d6969798dd8","table"
"outputs\tables\final_dqn_ensemble_test_population_audit.csv","547","0155d432296443e84a0399ed88e6cca9c44223ff0332b009cef1aaebcc0c73a0","table"
"outputs\tables\final_dqn_ensemble_test_state_actions.csv","30130","dfbf19dda885fa37aa58f1dc05f23551775c7f5980dafcb95e1a10d9a639833b","table"
"outputs\tables\final_dqn_ensemble_test_summary.csv","898","afefc2b66690269815ce4ca47fb72bb46c37702d6fbb408817a17652553ffa76","table"
"outputs\tables\final_figure_artifact_inventory.csv","11554","a67e24089622bb0a6e4f5e4b08524b7bd194b51ce03b8ce2dd43335352ca7a1d","table"
"outputs\tables\final_ppo_training_curve_data.csv","2270","c3ba21c077fb1050a378d8aefc1f2382e131b03e226a86881be4295520ea2411","table"
"outputs\tables\final_report_figure_selection.csv","1865","65761bd0852575a9fe5a54e1ffe77f8ecb46dcd6dff54018e3f0bc8edbc3c7d4","table"
"outputs\tables\final_task_dynamic_value_existing_policy_audit.csv","2634","6ce3c2dab881ed62591b40422dcd8bc8586649baf0fa4509260d6733befdbd41","table"
"outputs\tables\final_task_dynamic_value_planning_audit.csv","707","9835f8005b74bbd03d1be98b41cd1de2e86cad4758eadbeab8ef5bad5183c0f6","table"
"outputs\tables\final_task_locked_baselines.csv","912","f4231931b6d966e929f36034ab195494f8ec2783bc7f6aff85c0b0d4f1a3836d","table"
"outputs\tables\final_task_locked_population_definition.csv","1162","1b0e2aec9321a98537131da212b7bf812a740b642066ae7ddbe9086bc1e21990","table"
"outputs\tables\final_task_phase_gate_decision.csv","444","a6bd560af5b8d94c00cbed7d43962268fd1acecfe173cd7300b28b4d7985b662","table"
"outputs\tables\final_task_population_candidates.csv","1682","d435741714e0cd00de9ed7c765fc7672ef6e1c0d06a7d79d6eb208749b7e6ffc","table"
"outputs\tables\final_task_population_summary.csv","364","64e4be8c64133482850bf1923253909439fc2c03b1e5651a1031dbcf9e384cf0","table"
"outputs\tables\final_training_and_result_figures_report.json","3512","3f2bf9978e2f48f2a0b64304594671a8b07f21064b18607ebfca28b86acdfcb8","table"
"outputs\tables\financial_markdown_multistep_action_values.csv","455606","2aee1387a6e4d68bf54a0a499df7131c137c86c12dcb35465f9e25d3704723a5","table"
"outputs\tables\financial_markdown_opportunity_classification.csv","1879","1f73826f7b0e5dd18ea27ff246607c343b186e3362adc72ec3084324409e420a","table"
"outputs\tables\financial_markdown_opportunity_report.json","1175","7c4373492ea53d608cc107124ff4aa0ac5aaa2bbe43953925750ffcdca46432c","table"
"outputs\tables\financial_markdown_oracle_diagnostic.csv","53734","2738e09ca4f55efc09091e59234228b358671a57238d400b2aa02827d3ef1bcc","table"
"outputs\tables\financial_markdown_ppo_regret.csv","112577","ebbdb9bc9f17e58d89371a5c6b4a1015ca8d7ea3b88243b86daa8245b8c573ba","table"
"outputs\tables\financial_markdown_representative_states.csv","12737","c78b9204a88839a5c21f5ef63861ca4dcb22e9f79a7e2b5d286f0674ada7bf24","table"
"outputs\tables\financial_markdown_state_audit.csv","105030","5d2921eca9828a65f3653502ccb6d357ed703c058f15b6f8275482e49bdd4c48","table"
"outputs\tables\freshretail_column_mapping.csv","3470","ba0e7df9f975475317d18f4ec340af0b575c52cc4f887e7d45cefccab59fb60b","table"
"outputs\tables\freshretail_discount_semantics_audit.csv","1129","b9bc11f11e3ae92c9502af86670744dae5bc7e10f4a85b172a8078fe1bf74593","table"
"outputs\tables\freshretail_file_inventory.csv","416","336cbdd72e19b134deea4ef6303674ee7e3e399d410faa578729eec0e20e5b50","table"
"outputs\tables\freshretail_modeling_subset_series.csv","66154","7346097db740de5da906ec3b5c7be7072be59702b286a327ff3bd9b0c9037044","table"
"outputs\tables\freshretail_modeling_subset_summary.csv","2233","5ff118dcda5c6ee1a40df409d7b8f1889db9551c2b6e4c06ab3c38987541f662","table"
"outputs\tables\freshretail_promotion_support.csv","925","d7044a1eb718735fe787357438aad450dd83668284f4b20b53845a79b6c89c70","table"
"outputs\tables\freshretail_schema_summary.csv","8135","7893324fe44e9350da3b00eb2e7382f7a4569f97b6b53c987bd97aa6fe41deee","table"
"outputs\tables\freshretail_selected_series.csv","3774","c1e7104b3862e4691c12ca5444104f4a49d94cd829e35ac2042a7219b9a0a6c5","table"
"outputs\tables\freshretail_stockout_summary.csv","547","2c588d079d065d90ac9bdf0dccd405af836721625536e4929a7fbcf7329d49c6","table"
"outputs\tables\freshretail_subset_representativeness.csv","645","618732d9fd673317c756fb0e582cf4c809c4f025ba07ef5d8d454266669ae218","table"
"outputs\tables\freshretail_subset_summary.csv","1560","6b7b67e6d28240a9309f0592bc07021569a98ddd958bb51da24740e448433b29","table"
"outputs\tables\freshretail_temporal_split_summary.csv","444","a9b683ac2d5f4b23552583f30b6b3c32dbf30d2514bad48ff851c6af2a80469c","table"
"outputs\tables\freshretail_timeseries_quality.csv","403","1c0578476dc60bd55e19a72651f2b33962a5efcfbabedb6ee5083b7de75d2b74","table"
"outputs\tables\high_risk_b_distilled_validation_episode_results.csv","15160","8d9ece62f4b796a0546d620fea4a60580b8f3625943a40b696dcaaa14c46b285","table"
"outputs\tables\high_risk_b_distilled_validation_state_actions.csv","127732","9d71496a7a9a1a07244d10efc246e4d4cb502c07fe48819f5e99b2e30d38b23a","table"
"outputs\tables\high_risk_b_expanded_validation_manifest_summary.csv","210","e6fa51a44919242e31a92cbfe9e3e29ab4bbf81a2f61f6d5609ec178d9fa2cb5","table"
"outputs\tables\high_risk_b_final_candidate_comparison.csv","1164","af87b8baac06115341a444e56e27c2ddb72638c5ab603a388b5ac87a730ebbaf","table"
"outputs\tables\high_risk_b_planning_training_labels.csv","439275","45f023f11449dcb20ca6a47374acbdde84e3bbc94e77bd22db384cca82ea69ea","table"
"outputs\tables\high_risk_b_planning_training_labels.partial.csv","439275","45f023f11449dcb20ca6a47374acbdde84e3bbc94e77bd22db384cca82ea69ea","table"
"outputs\tables\high_risk_b_planning_training_label_summary.csv","251","510b40a1b10d9c3d0fe5d9c3ec3a0bf9edd159cefb9733b5abfc98fa260098bf","table"
"outputs\tables\latent_demand_censoring_labels.csv","581","c9c23d756d3931d0aaff213c637aec35491ab8d2f151a5f306fd75f4ae9046ee","table"
"outputs\tables\latent_demand_model_selection.csv","722","f9f6b327cf3cfd83e9797acf5045ca27baa80b2cc7180d152d1c9f26bc2877b9","table"
"outputs\tables\latent_demand_promotion_stockout_interaction.csv","616","df081a85964aabeaeda36205f3de30f2b11aec12aebde53d68113aab19520fe3","table"
"outputs\tables\latent_demand_recovery_by_markdown.csv","607","03a5dbe908a45a0535b722f80591cfda798fee34f95b9a1b2846775c8b36da22","table"
"outputs\tables\latent_demand_recovery_by_product.csv","22795","cd4b49e47d2d49dce52bb0f207ddc7d22c52772bd965d10c21f5bb01bbd5d097","table"
"outputs\tables\latent_demand_recovery_by_promotion.csv","434","3e26e3d649f5fb01e3125ec4d46aebedbae70e709d2bf2c1d3ef9e2cd8a63921","table"
"outputs\tables\latent_demand_recovery_by_store.csv","29681","c688d75f0999ffb1c72ab6bd8825e6d35496a2c01cb11102d3a1c60abbe0eef7","table"
"outputs\tables\latent_demand_recovery_metadata.json","1559","65503f360a872d25583cd7780d6cb8c9a47f616139b90acae1a8a3fce7a5fdb1","table"
"outputs\tables\latent_demand_recovery_robustness.csv","460","ed21ace3f5430ef433eb83b5545650858dc3d2f081cbc902f233f1f6ce382c20","table"
"outputs\tables\latent_demand_recovery_summary.csv","385","7c43f525dd92eb87d63a9c34d32d1fc586d9482e5fb8c94f1a86cfc0bc60eb07","table"
"outputs\tables\latent_demand_validation_by_segment.csv","310826","f1845ae99f6a9d7a6120d7b07df4a07ff5f178dbdcda7c3b795d35f8985a3a5a","table"
"outputs\tables\latent_demand_validation_metrics.csv","7047","2755e986b12dad6a53af7cdd92428168de3044d2f4428bb9848a930e9c87a853","table"
"outputs\tables\latent_demand_validation_predictions.csv","11004194","b645534d7857e6ec9354513b9478b767cff9ae80d030d847d81f1dcaada60b43","table"
"outputs\tables\limited_horizon_planning_episode_results.csv","14919","ddbdcee685d8ba06217036427cb4f6ed6c4634431791bcd73d85326c2bdf78c4","table"
"outputs\tables\perishability_accounting_identity_checks.csv","47728","26189e64d06075ea02341dc58b43da959e53d7d949c9d174485d808d4d2bb847","table"
"outputs\tables\perishability_core_scenario_grid.csv","2709","7c625248dc2e604c66fcc4f6b79c91ba4141fd4b45c5b993a2fca3343712792f","table"
"outputs\tables\perishability_economic_scenarios.csv","910","7c9c2c7c60728c5a69b57fdf5029022b849be87c17ce2396da9baca145ceac57","table"
"outputs\tables\perishability_inventory_initialization_scenarios.csv","2065","dff33238e1130b001e1ff77e5b43afaacaca46be09b48cbc4526a45d70296336","table"
"outputs\tables\perishability_markdown_action_audit.csv","7348","445c7dfa9e63733741c3002e3fb01bceb33a00bca9bd2364c877660c277f5310","table"
"outputs\tables\perishability_pre_environment_sensitivity.csv","21772","e2f0999af82bb52214656774cc5a787b57ff5f10216c66b715249f486c1fc4b6","table"
"outputs\tables\perishability_pre_environment_validation.csv","225814","d56167d52b0330ce74f1c5b235a4fe78808208dee226f833209dbbba50a2ac85","table"
"outputs\tables\perishability_product_metadata_audit.csv","390","aed08b40f22b582beb1a6661cfa9aba74736cd9c33188b80a4c6de424f98aedd","table"
"outputs\tables\perishability_product_scenario_assignment.csv","61235","f0a0819ae8b6cb633a590db47c569cd60615b863dd197bd94f7be087d9aa1421","table"
"outputs\tables\perishability_sensitivity_scenario_grid.csv","4449","771b41ddbe34aea7f21b2ce6900356931b5943e82a1b29bccdf5bda84a3466da","table"
"outputs\tables\perishability_shelf_life_scenarios.csv","761","35ce4a29f5dfc497036350a955eb34bf73f2a431c31dae501e4c25811fae2654","table"
"outputs\tables\perishability_stress_test_grid.csv","1331","3986b1c694d27c7dd1d04967f5239de0c0b5ed26e8adf9fa65a069c0a6f48cfb","table"
"outputs\tables\perishability_sustainability_reward_scenarios.csv","1438","3616a3f617f978bcf35f6941e8d8fa8429ac8bed2caf28f652df320fea11abff","table"
"outputs\tables\perishability_variable_source_registry.csv","2813","3ff44583f07c0312485f4386d8a27b0c7b408eae07def9ea44389fccf3839796","table"
"outputs\tables\planning_distillation_leakage_audit.csv","143","9c208bd66426f7f873e36c09a2fbb8d716a5a05b6cfa7cd8943f989949b45020","table"
"outputs\tables\planning_distillation_training_metrics.csv","2785","2050fa73cbe7684c1cf51a357f43769067846b4bcd02eb7324039c39c1be82ec","table"
"outputs\tables\planning_expanded_validation_episode_results.csv","13512","e7961c6b2fd71f80378c5ea8f07ee344a4d6e22e1c04e21ed6f0771fd2dc071b","table"
"outputs\tables\planning_expanded_validation_summary.csv","1044","b78d0dbc39857ef2ac28f26aa4144b8af3c79d939584c2c47a0d5b6a311e48e4","table"
"outputs\tables\planning_locked_task_definition.csv","441","682328acec465f54c8ee428374c80b20a5b58133cd96a24a054e4b661f91daa0","table"
"outputs\tables\planning_pairing_audit.csv","2726","f7ed942325f6917467a160b5c24fb8988ec3315e6336f2ce15985486374f6d92","table"
"outputs\tables\planning_ppo_baseline_comparison.csv","1113","f3fead0dadc990c00a6d6c8d30f3c2bf007f9c076e10a3196bde571cdc00156c","table"
"outputs\tables\planning_vs_baseline_by_scenario.csv","976","970fbc0f0fab388943c8b13cd20b45b22e56570f68496df9326286d5c48304c1","table"
"outputs\tables\planning_vs_locked_baseline_summary.csv","711","965a912c801468420001cb2b8bb47d99d395fedad10d65753cd27995f5726449","table"
"outputs\tables\ppo_action_distribution_diagnostics.csv","240","e6063b2c78621e7ca68d3e32e32ac8ef19b17119ec05390eaf63e677cd72b6bd","table"
"outputs\tables\ppo_baseline_evaluation.csv","1790","57d9040db6c263614cb76cdcbae443f00d270023c7234e6f5876a6482fec8a76","table"
"outputs\tables\ppo_checkpoint_action_diagnostics.csv","2578","cf8b4997c07e6b25193e800fa73b4f77817d55cb724863f0cbe62d5e4c2a1234","table"
"outputs\tables\ppo_checkpoint_level_evaluation.csv","87039","501e5a0a1e632adcdc34fac61a4f1aba9a72bbb5e55967d5ebc2c54960a1af4d","table"
"outputs\tables\ppo_checkpoint_missing_artifacts.csv","313","2a087e90925ec0e66d53d38d9ef914cdaf5c02ddf3d8c71a83223956af71f664","table"
"outputs\tables\ppo_checkpoint_model_selection.csv","681","68b58699ea142e1458517d39fa623e419fc47001fe337c0d6c8aa2f437ed23a7","table"
"outputs\tables\ppo_checkpoint_paired_comparisons.csv","31664","c9f344801ac466e886b12275464c688e7db566a5985c296419d3ac410a1d601f","table"
"outputs\tables\ppo_checkpoint_state_dependence.csv","7707","b923397063eab495e57f29a59243cb56339b313e5925714f3622edbd40e4f829","table"
"outputs\tables\ppo_checkpoint_validation_report.json","2062","7f52b9c78b9e2991116cf27ca43690f6928141d2c381ac39c20c276d2995ad38","table"
"outputs\tables\ppo_environment_compatibility_audit.csv","1386","b2685091cc7e1a0b552b85554084414e32fddef81879dcee7e070353fafdef69","table"
"outputs\tables\ppo_episode_level_evaluation.csv","3228","e3d7b47f83a2c520900209c591836b15375525341f2804931051cadc7ed601e9","table"
"outputs\tables\ppo_financial_baseline_value_classification.csv","399","a9e267a9f146cb3c23289b683c487e73f6fe5fa6351be09ae2290c04b9928081","table"
"outputs\tables\ppo_financial_calibration_transmission.csv","1042","1178a1c980e45447bf9e02dacf5b8295bbeb73d462d01fc6a603f4f7c5be1a6e","table"
"outputs\tables\ppo_financial_paired_policy_comparisons.csv","7436","67bd231e0c64d88dc9e65265b67d1cd8b2bd957df1205f80c525767d9f0ea845","table"
"outputs\tables\ppo_financial_paired_validation_episode_level.csv","60593","27a4ef1a8d66fe2f7ab7b5b64728faa5e0e9a9090e67ad98fef5b9842f19aeb0","table"
"outputs\tables\ppo_financial_paired_validation_report.json","4489","6897d5e2462b5ace2f5c4750964aed265eaeed79b5e316c99857edd79b12d3cb","table"
"outputs\tables\ppo_financial_paired_validation_summary.csv","7578","c69529b79eb9f43e7166bc42f0bf28c144f51022159286f694c2ae8824e63fb2","table"
"outputs\tables\ppo_financial_profit_comparability_audit.csv","2950","8de128b824bbdfe423aa54feb0723fb7eab146941b5c6a66e664b3da67dfec3a","table"
"outputs\tables\ppo_financial_profit_waste_tradeoff.csv","1066","c8185928faa0c6444aa33bccc824865700a94e6700d7af514c71d33b38514e23","table"
"outputs\tables\ppo_financial_state_dependent_actions.csv","5214","02f54c17848242356fdce02f963eca10742d9e2e9fcd491523d687760ed225a4","table"
"outputs\tables\ppo_hyperparameter_selection.csv","1385","257a4d9cf5c14a2881c117280159d994c33333d0bb6135f32157b04915af2c66","table"
"outputs\tables\ppo_lambda_selection.csv","662","ed91944d66b75cb227e60b627a07496e876ca4a4d166d46cc829715d588b2076","table"
"outputs\tables\ppo_multimetric_checkpoint_selection.csv","5497","7a59cea9aa19cfef29e508976b28dd855e1062f2e10739ae19f0e3d745faf507","table"
"outputs\tables\ppo_oracle_pairing_audit.csv","27887","e3c6717f2424051b5c37784c890ecc069e4efeef4c77695730f8bedab2946dee","table"
"outputs\tables\ppo_oracle_regret_definition_audit.csv","2528","255084178414a674aee8b119e670e8f1f010a4c5eeb0a4b2fac885c86a755ffd","table"
"outputs\tables\ppo_pilot_final_report.json","1385","0c123d5507ef392e3774cbe653b8578c28db78b6ae1fe2f5faaf9886fd981006","table"
"outputs\tables\ppo_redesign_duplicate_model_audit.csv","1874","aa8a7e193084381ea67eee904bf22e04a91af96844bd80326e57f3421d314834","table"
"outputs\tables\ppo_redesign_sampling_weights.csv","770","456c67debbd0d2871457f0aab19a43cdab67835635719473322ef05ec0422d0e","table"
"outputs\tables\ppo_reward_value_diagnostics.csv","175","632223429278c2eead36aa0324249913eb7cc6c581ae70cc0343661e905e29c9","table"
"outputs\tables\ppo_smoke_final_report.json","1337","f7c8fd4ab1bc1f7da1e1f4c084e7d591b2708103d83a3f3a0352ad21692cd02d","table"
"outputs\tables\ppo_training_curves.csv","1274","dbd6f597bd53f76ae19c3ba25edc6f59249d7dbda85478e828cb132ab945af55","table"
"outputs\tables\ppo_training_design_audit.csv","717","f8fd9f08a5beb7743f58d710c2b2481e72cf3e68b95eb953a8a8ce040ba9796e","table"
"outputs\tables\ppo_training_diagnostics.csv","1385","257a4d9cf5c14a2881c117280159d994c33333d0bb6135f32157b04915af2c66","table"
"outputs\tables\ppo_training_redesign_report.json","2081","5903e8c79012ceaa2edc13dcdf3a10b5ac94a0a664c2619cb8637dbcbfc4e603","table"
"outputs\tables\ppo_training_redesign_results.csv","4576","bd735ef077f1281e13d11e46e5383420d01f7a59e1ef96f62dacc111666e4a2e","table"
"outputs\tables\ppo_training_state_balance_audit.csv","575","4cc13bac308924c733c60980c38ea51c92c7b0ae4f48542a7430621fed631f85","table"
"outputs\tables\pricing_env_accounting_validation.csv","324","1db6cef57b56c2522071247bb1052ec44a20e3794f5a9c7b2147136f2b0e6c7e","table"
"outputs\tables\pricing_env_action_effect_audit.csv","15125","aea7b30766a99e85ad3435853d77bbd4cc0bc921a03ad1387e4a89be110ca11c","table"
"outputs\tables\pricing_env_api_validation.csv","66","581f4435c419cd0d0d2ccee587d5c3740c5d227372c314d6568232a181177409","table"
"outputs\tables\pricing_env_artifact_compatibility_audit.csv","875","df5a2b470f38eba8c1a504296b12a94a70d0ac087a28c4b3283cf31f6eecefed","table"
"outputs\tables\pricing_env_calibration_transmission.csv","715","3e02eeddf2e22e3ba3749d1c834a0a4c68e59573882e053e09c044d91bd47c07","table"
"outputs\tables\pricing_env_feature_source_audit.csv","3214","6d82cdb66f8eae6609ee863a4df5bbd7ec307d6a2a9fa44bb84ef07d9a4dc12a","table"
"outputs\tables\pricing_env_non_degeneracy_diagnostic.csv","336","2eaffa5ae3914d110db5cdea7c88625bed0994f189f9a29791d8dd496d0daa78","table"
"outputs\tables\pricing_env_paired_policy_comparison.csv","5998","b4ec50453d8f620ff148d07b4784212c37c13842b050ce92d22947b6d3b2595d","table"
"outputs\tables\pricing_env_reward_scale_diagnostic.csv","539","8a713a39f5488fabcff9dc5ac3f39f258bd8ac8f1e2fc4eaf7e333ac2b81b255","table"
"outputs\tables\pricing_env_rollout_results.csv","27127","c604df40712750d992c868eb8256fe3c2b577f66241e49cb14b0e43b47336abe","table"
"outputs\tables\pricing_env_scenario_sensitivity.csv","29071","4135a1980bc430edce9c457b71103f62a7c365a3d88aed507bb7323a3dbe07f7","table"
"outputs\tables\sustainability_calibration_transmission.csv","1227","fee5ed54b7131c320f8ab718ce122909a66f0405860a301afe3db050e1a9a637","table"
"outputs\tables\sustainability_fixed_policy_episode_level.csv","355428","f40856ad96cf4b8218f69673355bd105025d1c8ad0f110588d392e0d5a81b2bb","table"
"outputs\tables\sustainability_fixed_policy_evaluation.csv","26652","3dcfc391c2d9b51c2dcdbc4c5f7836f6d5f322f7e69a1b344d6c2f5cdc01094d","table"
"outputs\tables\sustainability_lambda_audit.csv","5311","3876fe791c08fde470d21118f2960d78b092971118d6152c1b786994a092112f","table"
"outputs\tables\sustainability_managerial_policy_summary.csv","4679","185ccfd908886a5410aac3234b6f8a76992c8d717a1f7df3961d6832769d5f9a","table"
"outputs\tables\sustainability_nondominated_policy_set.csv","39580","100bf08da3f21a99df922294c6c65144a51f5e0be900601d981299dbba5758f5","table"
"outputs\tables\sustainability_opportunity_audit_report.json","1196","b04d8801eef3faef825b1c3dfa879b639a43fa8a7794928132ed430ce4f304cf","table"
"outputs\tables\sustainability_profit_waste_tradeoff.csv","27392","e846595246a9516ffbf00893158853428ea204a23c21388dbb26758ef6bf6a52","table"
"outputs\tables\sustainability_reward_wiring_audit.csv","7186","f9756e82036f6eeaa240596b84e12a549d11f8e89b3a189a6a9a207986c209bf","table"
"outputs\tables\sustainability_scenario_audit.csv","17094","656830b2dca5ddcfa8347e0920353b4c6603bb9a5817294140d4c4ef47d57896","table"
"outputs\tables\sustainability_scenario_selection.csv","1076","e9994531ae05f9a9defef65225c0d9532db4128036b75831274a0b59eae9bdb4","table"
"outputs\tables\sustainability_scenario_tradeoff_classification.csv","1415","a75f09719dfc490bf5cb07d355f51d870b49c21d6032dcb29f496b41e0c22385","table"
"outputs\tables\sustainability_selected_tradeoff_scenarios.csv","2458","7b20f0e7b20b6e91b0bbfa072ab4e316e6d86e2cad94e9f958977f304029c851","table"
"outputs\tables\sustainability_tradeoff_analysis_report.json","1561","bbeba58bc740514a7cc12da48b9b7fbd676e9c0682967839642270adbfc437ff","table"
"outputs\tables\sustainability_tradeoff_episode_level.csv","446584","55c428bfdcb3340fa3367b7a494ce83f2e85157cdeefbef7e911886b448768be","table"
"outputs\tables\sustainability_tradeoff_vs_always_zero.csv","47623","20d960696cf7215a5be89fe2eeddcb4d7fd4f9309acfd636665a59936926ff8d","table"
"outputs\tables\sustainability_waste_constrained_policy_selection.csv","13712","7f089c04314b30b4310b0d17855b0c9376de885c17abacb390e1f4dc610eaef4","table"
"outputs\tables\sustainability_waste_reduction_efficiency.csv","32786","161921ba6008a32fda8e9546e9c20d93a8ba5c79799cb6dd68925e2c62c9bc53","table"
"src\complete_standard_dqn_multiseed.py","24703","f8b13e076a783f8d8681fe5732f27ce426b88e34a60dd5ca237ae29468d6fd08","source"
"src\discount_response.py","52385","45358a669908dd61375ee0e122a9b956db7ba4926bfd48116c15e644fab1c2de","source"
"src\dqn_statistical_audit_and_ensemble.py","24123","fde8d13b946923dd6999c5c4037583fd9f6cf4283d3f74120df8e43fb834020c","source"
"src\evaluate_ppo_checkpoints.py","25638","b024e4ceb7214c27bd2f4507890f39149126ed5b9009afc85df49ba867b56f92","source"
"src\evaluate_ppo_financial_paired_validation.py","39598","2389f409c3bbada2e65cffa0b2d3bc9a9960f33cf79f171c0630d11a1be6adb6","source"
"src\evaluate_ppo_operational.py","19906","4a9437d69a4a3445066bd9b6eb34d0e5fcc1396b13bb0f45cc49b7cbe3476bd6","source"
"src\final_dqn_ensemble_test_evaluation.py","30854","d709d69faf202651f7b1b694baa1fd2995dc590b2e49e3010c9abc03af55bbf5","source"
"src\final_model_decision_task_audit.py","30261","a4aa5b017e5203779809efb269ca6a463f0d4dbde71665f1d4db98a96e615484","source"
"src\final_report_figures.py","30996","405231465db70e783626f33523053f22ba2fe817b2891a9d087104b90a2b9e2f","source"
"src\final_validation_locked_model_development.py","26000","51fd0ab53aae5584894be1627f33d93f4da2ec2bb148070bbd8156fa609d24ba","source"
"src\financial_markdown_opportunity_audit.py","30282","18ed14b4128a81143480c68f91dbb347a33e14befee5bcc3923b1134d074a332","source"
"src\freshretail_data_processing.py","61493","f6f26f0c7ece1463b8b883d3c162d258e2682b34c1df64d8af0e45b7a5ba2b8d","source"
"src\high_risk_b_planning_distillation.py","39778","efc607f323b032df27c30bfc9ee88a1a7d1b040546a73f745cafbb99e839bc1d","source"
"src\latent_demand_recovery.py","47374","9df678b7c8bdca191ac8c13326d6fccd868609c780cbed3cf32fb6955d4e4d5c","source"
"src\limited_horizon_planning_evaluation.py","33406","264895d0b32be54536df3d75b37a459be4560dc5512353b6968cc9e850822162","source"
"src\perishability_scenarios.py","50421","d23a73c739f96413eb6afaea657255cfe7a823bdc1907dfcae563fa69aab6082","source"
"src\ppo_redesign_reporting_integrity_audit.py","24373","08eb125f1b5f108219e92fb9486eb17e782b0a26708759d67e466576fc49addd","source"
"src\pricing_env_operational.py","36495","a918db52b3f10cd6877cc7c4d8946fe58c8a1e6df33ad3ee370bfd499c5e7116","source"
"src\sustainability_opportunity_audit.py","33321","e5eb66fdbec315b870d9603791f198362f0497b99878eac670249967c0960416","source"
"src\sustainability_tradeoff_analysis.py","34950","fc7435e56768fce3e8f594fd401a7f6973fbef42f8bb5f07b06765fb35fa5185","source"
"src\train_dqn_high_risk_b.py","46328","0c1fdbe233c5da19c3098cbf0d613bc913c858e201de70620851f9e115e6899f","source"
"src\train_ppo_operational.py","36994","9588d6e73396e3499436770f381065efed0a5409adb43e4d417d4dbd965f0a2f","source"
"src\train_ppo_recovered_redesign.py","35509","5ec9926530c8a91dc3a2e84f3b7517373e93e55256efb11b1f016a82f211ba38","source"
"src\validate_pricing_env_operational.py","25022","4139b46835522f3387c41c8b88b3870c5e85a113c7c893e15023531d044517bc","source"
"src\__init__.py","66","d8c5b7d179e1eed465dcdfbca31f14e383da698e6abdbbf9225bf60cec0f8212","source"
"tests\test_ppo_pipeline_operational.py","10302","9bc6d2f02e5bd8e3393a0b85eef22d06ec0b4ae8a1c3195e4662c9c2ecc97239","other"
"tests\test_pricing_env_operational.py","6598","3651218a05499e1b09df6cd6ccf9e9e73f04051034197fff328c22efe6430c02","other"
"tests\__init__.py","50","60637c5b45f99df9224ff33cba59ff995988238c4d1524beb36354f9a02e7e74","other"
